-- phpMyAdmin SQL Dump
-- version 4.2.8.1
-- http://www.phpmyadmin.net
--
-- Хост: 10.0.2.2
-- Время создания: Июн 26 2015 г., 20:48
-- Версия сервера: 5.5.34-32.0-log
-- Версия PHP: 5.3.27

SET SQL_MODE = "NO_AUTO_VALUE_ON_ZERO";
SET time_zone = "+00:00";


/*!40101 SET @OLD_CHARACTER_SET_CLIENT=@@CHARACTER_SET_CLIENT */;
/*!40101 SET @OLD_CHARACTER_SET_RESULTS=@@CHARACTER_SET_RESULTS */;
/*!40101 SET @OLD_COLLATION_CONNECTION=@@COLLATION_CONNECTION */;
/*!40101 SET NAMES utf8 */;

--
-- База данных: `a139059_2`
--

-- --------------------------------------------------------

--
-- Структура таблицы `vii_albums`
--

CREATE TABLE IF NOT EXISTS `vii_albums` (
`aid` int(11) unsigned NOT NULL,
  `user_id` int(11) unsigned NOT NULL,
  `name` varchar(100) NOT NULL,
  `descr` varchar(255) NOT NULL,
  `photo_num` smallint(6) unsigned NOT NULL,
  `comm_num` mediumint(8) unsigned NOT NULL,
  `ahash` varchar(32) NOT NULL,
  `adate` datetime NOT NULL,
  `cover` varchar(25) NOT NULL,
  `position` smallint(6) unsigned NOT NULL,
  `privacy` varchar(3) NOT NULL
) ENGINE=MyISAM AUTO_INCREMENT=2 DEFAULT CHARSET=utf8;

--
-- Дамп данных таблицы `vii_albums`
--

INSERT INTO `vii_albums` (`aid`, `user_id`, `name`, `descr`, `photo_num`, `comm_num`, `ahash`, `adate`, `cover`, `position`, `privacy`) VALUES
(1, 1, 'Разное', '', 8, 1, 'd1dcc0bb2f7816f0998bc1de60178823', '2015-06-20 21:59:34', '2cd598cc65140c40b012.jpg', 0, '1|1');

-- --------------------------------------------------------

--
-- Структура таблицы `vii_antispam`
--

CREATE TABLE IF NOT EXISTS `vii_antispam` (
  `act` tinyint(3) NOT NULL,
  `user_id` int(11) NOT NULL,
  `date` int(10) NOT NULL,
  `txt` varchar(32) NOT NULL
) ENGINE=MyISAM DEFAULT CHARSET=utf8;

--
-- Дамп данных таблицы `vii_antispam`
--

INSERT INTO `vii_antispam` (`act`, `user_id`, `date`, `txt`) VALUES
(1, 1, 1434747600, ''),
(1, 1, 1435093200, ''),
(1, 1, 1435179600, ''),
(1, 1, 1435266000, ''),
(1, 1, 1435266000, ''),
(1, 1, 1435266000, ''),
(1, 1, 1435266000, ''),
(1, 4, 1434747600, ''),
(1, 7, 1435006800, ''),
(1, 9, 1435093200, ''),
(1, 10, 1435093200, ''),
(1, 16, 1435266000, ''),
(1, 17, 1435266000, ''),
(2, 1, 1435093200, ''),
(2, 1, 1435266000, ''),
(2, 1, 1435266000, ''),
(2, 1, 1435266000, ''),
(2, 1, 1435266000, ''),
(2, 1, 1435266000, ''),
(2, 1, 1435266000, ''),
(2, 1, 1435266000, ''),
(2, 1, 1435266000, ''),
(2, 1, 1435266000, ''),
(2, 1, 1435266000, ''),
(2, 1, 1435266000, ''),
(2, 1, 1435266000, ''),
(2, 1, 1435266000, ''),
(2, 1, 1435266000, ''),
(2, 1, 1435266000, ''),
(2, 1, 1435266000, ''),
(2, 1, 1435266000, ''),
(2, 1, 1435266000, ''),
(2, 1, 1435266000, ''),
(2, 4, 1434747600, ''),
(2, 4, 1434747600, ''),
(2, 10, 1435093200, ''),
(2, 10, 1435093200, ''),
(2, 15, 1435266000, ''),
(2, 15, 1435266000, ''),
(2, 15, 1435266000, ''),
(2, 15, 1435266000, ''),
(2, 15, 1435266000, ''),
(2, 15, 1435266000, ''),
(2, 15, 1435266000, ''),
(2, 15, 1435266000, ''),
(2, 15, 1435266000, ''),
(2, 15, 1435266000, ''),
(2, 15, 1435266000, ''),
(2, 15, 1435266000, ''),
(2, 15, 1435266000, ''),
(2, 15, 1435266000, ''),
(3, 1, 1434747600, ''),
(3, 1, 1434747600, ''),
(3, 1, 1434747600, ''),
(3, 1, 1434747600, ''),
(3, 1, 1434747600, ''),
(3, 1, 1434747600, ''),
(3, 1, 1434747600, ''),
(3, 1, 1434747600, ''),
(3, 1, 1434747600, ''),
(3, 1, 1434747600, ''),
(3, 1, 1434747600, ''),
(3, 1, 1434747600, ''),
(3, 1, 1434747600, ''),
(3, 1, 1434747600, ''),
(3, 1, 1434747600, ''),
(3, 1, 1434747600, ''),
(3, 1, 1434747600, ''),
(3, 1, 1434834000, ''),
(3, 1, 1434834000, ''),
(3, 1, 1434834000, ''),
(3, 1, 1434834000, ''),
(3, 1, 1434834000, ''),
(3, 1, 1434834000, ''),
(3, 1, 1434920400, ''),
(3, 1, 1435093200, ''),
(3, 1, 1435093200, ''),
(3, 1, 1435093200, ''),
(3, 1, 1435093200, ''),
(3, 1, 1435093200, ''),
(3, 1, 1435093200, ''),
(3, 1, 1435093200, ''),
(3, 1, 1435093200, ''),
(3, 1, 1435093200, ''),
(3, 1, 1435093200, ''),
(3, 1, 1435093200, ''),
(3, 1, 1435093200, ''),
(3, 1, 1435093200, ''),
(3, 1, 1435093200, ''),
(3, 1, 1435093200, ''),
(3, 1, 1435093200, ''),
(3, 1, 1435093200, ''),
(3, 1, 1435093200, ''),
(3, 1, 1435093200, ''),
(3, 1, 1435093200, ''),
(3, 1, 1435093200, ''),
(3, 1, 1435093200, ''),
(3, 1, 1435093200, ''),
(3, 1, 1435093200, ''),
(3, 1, 1435093200, ''),
(3, 1, 1435093200, ''),
(3, 1, 1435093200, ''),
(3, 1, 1435093200, ''),
(3, 1, 1435093200, ''),
(3, 1, 1435093200, ''),
(3, 1, 1435179600, ''),
(3, 1, 1435179600, ''),
(3, 1, 1435179600, ''),
(3, 1, 1435179600, ''),
(3, 1, 1435179600, ''),
(3, 1, 1435179600, ''),
(3, 1, 1435179600, ''),
(3, 1, 1435179600, ''),
(3, 1, 1435179600, ''),
(3, 1, 1435266000, ''),
(3, 1, 1435266000, ''),
(3, 1, 1435266000, ''),
(3, 1, 1435266000, ''),
(3, 1, 1435266000, ''),
(3, 1, 1435266000, ''),
(3, 1, 1435266000, ''),
(3, 1, 1435266000, ''),
(3, 1, 1435266000, ''),
(3, 1, 1435266000, ''),
(3, 1, 1435266000, ''),
(3, 1, 1435266000, ''),
(3, 1, 1435266000, ''),
(3, 1, 1435266000, ''),
(3, 1, 1435266000, ''),
(3, 1, 1435266000, ''),
(3, 1, 1435266000, ''),
(3, 1, 1435266000, ''),
(3, 1, 1435266000, ''),
(3, 1, 1435266000, ''),
(3, 1, 1435266000, ''),
(3, 1, 1435266000, ''),
(3, 1, 1435266000, ''),
(3, 4, 1435266000, ''),
(3, 4, 1435266000, ''),
(3, 4, 1435266000, ''),
(3, 4, 1435266000, ''),
(3, 5, 1435179600, ''),
(3, 5, 1435179600, ''),
(3, 5, 1435179600, ''),
(3, 5, 1435179600, ''),
(3, 5, 1435179600, ''),
(3, 5, 1435179600, ''),
(3, 12, 1435179600, ''),
(3, 13, 1435179600, ''),
(3, 13, 1435179600, ''),
(3, 14, 1435266000, ''),
(3, 14, 1435266000, ''),
(3, 16, 1435266000, ''),
(4, 1, 1434747600, '07dea84f7a244b0ebce1b4016128296c'),
(4, 1, 1434747600, '12032edf86cfe6f6e240e76e6ab773f7'),
(4, 1, 1434747600, '26f16ccc0daed910e400322ec0d54d1e'),
(4, 1, 1434747600, '2f1090aec4757925376dc52a2fc26255'),
(4, 1, 1434747600, '326c943c2f22c89fcbc04550f89b4e2e'),
(4, 1, 1434747600, '3602ed06850c409bbcbe392ace668320'),
(4, 1, 1434747600, '4605a75da26636eca2c285bd6c7fec3f'),
(4, 1, 1434747600, '60b08e228607464dd5c3017538572003'),
(4, 1, 1434747600, '672944e6da44a8aa6ba21e254286d800'),
(4, 1, 1434747600, '7359ddc2a02e3fc368018015c0bdbc2d'),
(4, 1, 1434747600, 'cc4131338de842f5ec909e5a71c19358'),
(4, 1, 1434920400, '4605a75da26636eca2c285bd6c7fec3f'),
(4, 1, 1435006800, '0d863271af5b0479a38ff9ce054a6eb8'),
(4, 1, 1435006800, '172e95a2af1614a29d5456534aacd327'),
(4, 1, 1435006800, '172e95a2af1614a29d5456534aacd327'),
(4, 1, 1435006800, '3ef157466be86c2f98022f47acc55d08'),
(4, 1, 1435006800, '5b142c31c95ac99b4f3e343128403be9'),
(4, 1, 1435006800, '60b08e228607464dd5c3017538572003'),
(4, 1, 1435006800, '67e0cd656696aed48b1c6000d19caffd'),
(4, 1, 1435006800, 'b1e48e11d85a6f9aecc4618c6be07bad'),
(4, 1, 1435006800, 'bf003b6c19fd71380cfae186e1d49b2b'),
(4, 1, 1435006800, 'd45b8ce98dfa91f53bed90f775e1cb94'),
(4, 1, 1435006800, 'e9e75911ce55334ec16db9236760c751'),
(4, 1, 1435093200, '1b7ed30b90f380b5709188ff9eebe77b'),
(4, 1, 1435093200, '1c72bea48ec1bc3eca4c2a447490bea8'),
(4, 1, 1435093200, '323ea1cb2b41b406ad7036de5be5bef3'),
(4, 1, 1435093200, '33bf12723cad19479fc03efd8168c1e9'),
(4, 1, 1435093200, '37fcc148ce7a40e34de2dfc7d93c4cb7'),
(4, 1, 1435093200, '3efca849aa2e2352a317661ac69b3497'),
(4, 1, 1435093200, '67e0cd656696aed48b1c6000d19caffd'),
(4, 1, 1435093200, '94e42c86df038ef0ca1d15d3ef921562'),
(4, 1, 1435093200, '94e42c86df038ef0ca1d15d3ef921562'),
(4, 1, 1435093200, '9ca722afc7eb1ff7f40aaa5246e4797d'),
(4, 1, 1435093200, 'cc2c0790f5f4759aa8867b3601ccaf69'),
(4, 1, 1435093200, 'cc2c0790f5f4759aa8867b3601ccaf69'),
(4, 1, 1435093200, 'cc2c0790f5f4759aa8867b3601ccaf69'),
(4, 1, 1435093200, 'cc3225d87368f32df02fb90ad69adb79'),
(4, 1, 1435093200, 'ed13f625723e8d1ff6f3983b01d1764a'),
(4, 1, 1435179600, '00fd35265a9239d96703eef029a9e714'),
(4, 1, 1435179600, '00fd35265a9239d96703eef029a9e714'),
(4, 1, 1435179600, '065b83b6ffab6328cf065574cd16b9ad'),
(4, 1, 1435179600, '070ce31bbcc3b85dfa86b0c10aa6517a'),
(4, 1, 1435179600, '07dea84f7a244b0ebce1b4016128296c'),
(4, 1, 1435179600, '10a3bb4596be7597260ccaf2a5356e00'),
(4, 1, 1435179600, '16be1cca13fdee208322c491eeab257e'),
(4, 1, 1435179600, '172e95a2af1614a29d5456534aacd327'),
(4, 1, 1435179600, '1b7ed30b90f380b5709188ff9eebe77b'),
(4, 1, 1435179600, '24d99b67ce7ea802ea0c4153484f6022'),
(4, 1, 1435179600, '2a1af738d56da555be74920210e2babc'),
(4, 1, 1435179600, '31162917a91dec74fe6a65a65c0bec86'),
(4, 1, 1435179600, '326c943c2f22c89fcbc04550f89b4e2e'),
(4, 1, 1435179600, '3671bf203b52ce393a3444165e63e4d3'),
(4, 1, 1435179600, '39617382d921b4941bcfc7fe7719b817'),
(4, 1, 1435179600, '3c726327f3745e47d0d8883cf4789536'),
(4, 1, 1435179600, '3ef157466be86c2f98022f47acc55d08'),
(4, 1, 1435179600, '4d714e4d646be82f66a87dd25fd9827b'),
(4, 1, 1435179600, '50585be4e3159a71c874c590d2ba12ec'),
(4, 1, 1435179600, '53205b717f74c71b60bd55075fdeea2e'),
(4, 1, 1435179600, '56ccdba519e203d3cf4e72e4a195c383'),
(4, 1, 1435179600, '585cae371c4d35318808a45ce034adab'),
(4, 1, 1435179600, '5cab80ed4469f6f4e01669cc435b72c3'),
(4, 1, 1435179600, '6468c83ba83e217b06ed54e02302dc91'),
(4, 1, 1435179600, '64d29f1c1ef1493227aa1593dff8a511'),
(4, 1, 1435179600, '67e0cd656696aed48b1c6000d19caffd'),
(4, 1, 1435179600, '6a991413e1f700dd056f3fd9a349b474'),
(4, 1, 1435179600, '6aa90c9976eb8edd3fdfec8fd2193493'),
(4, 1, 1435179600, '6fbd8123278017e79af46f61940b9cff'),
(4, 1, 1435179600, '7263b81fae81a1a9c06e8b1edcadbada'),
(4, 1, 1435179600, '83e0b0a40f978db55fc3fc3ff4c2a694'),
(4, 1, 1435179600, '85fa357b3ef89a42f1903956b0067757'),
(4, 1, 1435179600, '86e0ab2656bb37c17dbb2e496a141c87'),
(4, 1, 1435179600, '95b16960edd336a68d59adac8c1e9101'),
(4, 1, 1435179600, 'a90b1f059b89ea6548e5769ca5b9baea'),
(4, 1, 1435179600, 'aa4373dae758a8033cad1af0c00d3b4f'),
(4, 1, 1435179600, 'ac63f5061d687d5d784408c61dd428c4'),
(4, 1, 1435179600, 'bdc841e71b1052d8b1ab3ee81b4d7fa4'),
(4, 1, 1435179600, 'cc2c0790f5f4759aa8867b3601ccaf69'),
(4, 1, 1435179600, 'd518392203dac9dabfd59bbfb32ddde0'),
(4, 1, 1435179600, 'ed76b14046d4643a0a1b039a44f06787'),
(4, 1, 1435179600, 'f3f20e5ee7152b681e28051fac22615a'),
(4, 1, 1435179600, 'fcff015de18390acf97e2d16bfa71d91'),
(4, 1, 1435179600, 'fd86a3a5986457d1aee3d8e1e0a094ea'),
(4, 1, 1435266000, '196cdfdb56955d03d600d145ca80a9da'),
(4, 1, 1435266000, '1ae2b6f796fb591a39c8a318a65881b6'),
(4, 1, 1435266000, '243f986b94f8a585b4762a340b15aa46'),
(4, 1, 1435266000, '2a1af738d56da555be74920210e2babc'),
(4, 1, 1435266000, '2e666fd821e501576fb4aa58115f2598'),
(4, 1, 1435266000, '2f32f25f33a6e0aee8b90a6e193aa661'),
(4, 1, 1435266000, '323ea1cb2b41b406ad7036de5be5bef3'),
(4, 1, 1435266000, '33c61b774f0ccf1215efeacc8d6a88ae'),
(4, 1, 1435266000, '354c2006c8479fa354f718fda0e3450d'),
(4, 1, 1435266000, '40f4c61f7e57942b7cec0a72a0a290ba'),
(4, 1, 1435266000, '50585be4e3159a71c874c590d2ba12ec'),
(4, 1, 1435266000, '50585be4e3159a71c874c590d2ba12ec'),
(4, 1, 1435266000, '5eec8e8239d0f72072b0760a5d6385d1'),
(4, 1, 1435266000, '6f23fafce8066d44906215bfcb016f7c'),
(4, 1, 1435266000, '7e4a36298fddf0a5e3b51b81e10458fb'),
(4, 1, 1435266000, '81c9dad1020aa04e8074d6695de89f7c'),
(4, 1, 1435266000, '86b83a4e69749fcca2762a2467dc7a74'),
(4, 1, 1435266000, '901ebeef01d48855df0f644f466c264e'),
(4, 1, 1435266000, '92a9f6b0dac1b09daacb03c32ce93693'),
(4, 1, 1435266000, '98fb15def5772ca05fe774a96ca328cd'),
(4, 1, 1435266000, 'a48d7738d7410b45d82229c1ae92ee09'),
(4, 1, 1435266000, 'afaa8b61ee467871f978f752bcc0e021'),
(4, 1, 1435266000, 'b52b3f383f678dc6c684d830508cd02b'),
(4, 1, 1435266000, 'b64ff4f7b71ed98074c8601713268575'),
(4, 1, 1435266000, 'bb1fcf3f39e5a454727a7ca59fc1caa5'),
(4, 1, 1435266000, 'ca5848836eb8c381bae1d3603a3ce2dd'),
(4, 1, 1435266000, 'd32cd960f37df899d0a3f4b04a55232a'),
(4, 1, 1435266000, 'da147e0cff80d5cfbbeea33dbaf79178'),
(4, 1, 1435266000, 'e65f702e0ca139e1830bdac3e9dfcc19'),
(4, 1, 1435266000, 'eb85c3093bab6d2fd1cbc51629c9c756'),
(4, 1, 1435266000, 'eddefab530aa96d5e035bc7a8060dc15'),
(4, 1, 1435266000, 'f66d716f20119b66681b8d4f1114f35f'),
(4, 1, 1435266000, 'fba07e0ad931a331b7c14e135b0b7a73'),
(4, 4, 1434747600, '2aa7c26704aeee0d9e35eaffba7793e7'),
(4, 4, 1434747600, '4605a75da26636eca2c285bd6c7fec3f'),
(4, 4, 1434747600, '512eca4e93e32c5cc722b36172ec5da1'),
(4, 4, 1434747600, '97f27dd5bfcd8a521442e2ded0e508df'),
(4, 4, 1434747600, '9eca12e368d460e8fcc187dc53fe3485'),
(4, 4, 1434747600, '9f6e6800cfae7749eb6c486619254b9c'),
(4, 4, 1434747600, 'dcabf1245f93a85bcccb3fab71d6da26'),
(4, 4, 1434747600, 'e3c1bb15e27694c845071541b327c566'),
(4, 4, 1434747600, 'e7c2cfca70fd99949bb9806ceab83f76'),
(4, 4, 1435266000, '43febd2c3e3e1af57fb80cb29fb6531d'),
(4, 5, 1435006800, '12eccbdd9b32918131341f38907cbbb5'),
(4, 5, 1435006800, '5017c48240cdfb9343f37e3271c60dd4'),
(4, 5, 1435006800, '5f671caa2642cea711d58130d83af617'),
(4, 5, 1435006800, '67e0cd656696aed48b1c6000d19caffd'),
(4, 5, 1435006800, '755b87f93a2a3ed434cfddeff09718e4'),
(4, 5, 1435006800, '89de3b80dfd5a33284d697bb217d3427'),
(4, 5, 1435006800, 'b9021cf356eefe05ccf33c0ba078824c'),
(4, 5, 1435006800, 'c6c4855abdf1636033a42ba834fa7112'),
(4, 5, 1435179600, '124242c4391ef54b1ba6ff436efcf565'),
(4, 5, 1435179600, '1d692ae4e118e05b3eb4bd7e26f224c5'),
(4, 5, 1435179600, '2ba90602e7cba5f85200c684b0d36343'),
(4, 5, 1435179600, '50585be4e3159a71c874c590d2ba12ec'),
(4, 5, 1435179600, '5951277949b265e9cb7652b42632005f'),
(4, 5, 1435179600, '7ad23fc50809c237a0b29c977949b17a'),
(4, 5, 1435179600, '840ea76316b0d9d33b701994a8db7504'),
(4, 5, 1435179600, '8ba856e4408a25ba5d471333b77d77fc'),
(4, 5, 1435179600, '8f0d73882229b1f472cf172ee2f66ad8'),
(4, 5, 1435179600, 'cd4f218b0d7d953c511c097089655df7'),
(4, 5, 1435179600, 'f66d716f20119b66681b8d4f1114f35f'),
(4, 5, 1435266000, '129a0a6f6ec69c88860d669cee8234ee'),
(4, 5, 1435266000, '13561f83aae25715a50ac4874ef19b13'),
(4, 5, 1435266000, '36f310226a94fe2b97dc8afa441e5f3f'),
(4, 5, 1435266000, 'f5157da3099b721d6407b085c4afea1e'),
(4, 9, 1435093200, '1b7ed30b90f380b5709188ff9eebe77b'),
(4, 9, 1435093200, '1d692ae4e118e05b3eb4bd7e26f224c5'),
(4, 9, 1435179600, '1b7ed30b90f380b5709188ff9eebe77b'),
(4, 9, 1435179600, '25727b7ea99de4e36a2b2621f9115926'),
(4, 9, 1435179600, '2eceef985ade1872cf0be6e9a63bb2fd'),
(4, 9, 1435179600, '33c03a8cfae4bec32d380100e62754f4'),
(4, 9, 1435179600, '38f5dfce7b1058b64b5c249ff3619628'),
(4, 9, 1435179600, '5d9a3b0b8615b3163fe5023874249bfb'),
(4, 9, 1435179600, '62416e9c7af575f19c5277603cf2252b'),
(4, 9, 1435179600, '7d59299c46eaf96dfa17321fad7b1047'),
(4, 9, 1435179600, 'aedc005159aeae6900b5cc9df1efd3b7'),
(4, 9, 1435179600, 'b037328e6808fbb805d380977b2c1452'),
(4, 9, 1435179600, 'd1457b72c3fb323a2671125aef3eab5d'),
(4, 9, 1435179600, 'da050c597fa2e2b799d1040a2804b34f'),
(4, 10, 1435093200, '1de01b35bbb1b656845b8530ecc29549'),
(4, 10, 1435093200, '2b9fef75430f116b4171aa62d41e9d2f'),
(4, 10, 1435093200, '54b053602caeed40c5a444b0a66120a3'),
(4, 10, 1435093200, '54b053602caeed40c5a444b0a66120a3'),
(4, 10, 1435093200, '8fb174520c5a100a54b15c9ae20e573b'),
(4, 10, 1435093200, 'd2a450ac00118f414c3f215b51053204'),
(4, 10, 1435093200, 'd7fa2c2d9917ca30b6950f9d56b2de5c'),
(4, 11, 1435266000, 'e04af96afe53462f72f39331b209a810'),
(4, 15, 1435266000, '283d69d43e06311526955d475312397e'),
(4, 15, 1435266000, '356300bc971f2a91c78550c89eb695ae'),
(4, 15, 1435266000, '4d6c959e8236ed67caed27f877d39a68'),
(4, 15, 1435266000, '557740ca5ff4563bdfbc5986ec2a14e6'),
(4, 15, 1435266000, '58a1bd657d161c9f36a45ff1cf15b1f9'),
(4, 15, 1435266000, '635cb414ec1fc48d3e843b678145600b'),
(4, 15, 1435266000, '6b852b0b831df270123213325187060a'),
(4, 15, 1435266000, '9f05b6965cf6b39e11e0f7ecc0ca3340'),
(4, 15, 1435266000, 'b0517a0e86ec2921640d1ae6a5cd0ea4'),
(4, 15, 1435266000, 'b238133a3915ebeea23841f16dfbe3e5'),
(4, 15, 1435266000, 'b6d3a7f478b03dc1e308d1865d1bf4ee'),
(4, 15, 1435266000, 'eb6e334f1fe6db287ff31faae9cdcb7b'),
(4, 15, 1435266000, 'f8177ad290e486b2898cd6fa2a62a1a8'),
(4, 15, 1435266000, 'ffe67c3510e0d78e03fed0bb9c45025d'),
(4, 17, 1435266000, '0c4d94f89620e0c13461d9d28bbcd13e'),
(4, 17, 1435266000, '2802a686cf8343efc42b41df10463e91'),
(4, 17, 1435266000, '5ff64bccdd09d2c6a66149191d20d6a0'),
(4, 17, 1435266000, '8b6c5c4686bcb17efdc8ea49a16941d5'),
(4, 17, 1435266000, 'ea8dddb718dd84d73a2756c3dcce29ec'),
(5, 1, 1434834000, ''),
(5, 1, 1435093200, ''),
(5, 1, 1435179600, ''),
(5, 1, 1435179600, ''),
(5, 1, 1435266000, ''),
(5, 1, 1435266000, ''),
(6, 1, 1434747600, ''),
(6, 10, 1435093200, '');

-- --------------------------------------------------------

--
-- Структура таблицы `vii_apps`
--

CREATE TABLE IF NOT EXISTS `vii_apps` (
`id` int(11) NOT NULL,
  `url` varchar(255) NOT NULL,
  `flash` varchar(255) NOT NULL DEFAULT '',
  `title` varchar(255) NOT NULL,
  `desc` varchar(255) NOT NULL,
  `img` varchar(255) NOT NULL,
  `secret` varchar(255) NOT NULL,
  `balance` int(10) NOT NULL DEFAULT '0',
  `cols` int(11) NOT NULL DEFAULT '0',
  `width` int(5) NOT NULL DEFAULT '696',
  `height` int(5) NOT NULL DEFAULT '800',
  `status` int(2) NOT NULL DEFAULT '-1',
  `type` int(11) NOT NULL,
  `admins` varchar(255) NOT NULL DEFAULT '|0|',
  `admins_num` int(11) NOT NULL DEFAULT '1',
  `user_id` int(10) NOT NULL,
  `app` int(11) NOT NULL,
  `url_embed` text NOT NULL,
  `api_embed` text NOT NULL,
  `iframe` text NOT NULL,
  `tb1.game_id` int(11) NOT NULL
) ENGINE=MyISAM DEFAULT CHARSET=utf8;

-- --------------------------------------------------------

--
-- Структура таблицы `vii_apps_transactions`
--

CREATE TABLE IF NOT EXISTS `vii_apps_transactions` (
  `id` int(11) NOT NULL,
  `application_id` int(11) NOT NULL,
  `votes` int(11) NOT NULL,
  `from` int(11) NOT NULL,
  `whom` int(11) NOT NULL,
  `date` int(11) NOT NULL
) ENGINE=MyISAM DEFAULT CHARSET=utf8;

-- --------------------------------------------------------

--
-- Структура таблицы `vii_apps_users`
--

CREATE TABLE IF NOT EXISTS `vii_apps_users` (
`id` int(11) NOT NULL,
  `user_id` int(11) NOT NULL,
  `application_id` int(11) NOT NULL,
  `balance` int(10) NOT NULL DEFAULT '0',
  `date` int(11) NOT NULL
) ENGINE=MyISAM DEFAULT CHARSET=utf8;

-- --------------------------------------------------------

--
-- Структура таблицы `vii_attach`
--

CREATE TABLE IF NOT EXISTS `vii_attach` (
`id` int(11) NOT NULL,
  `photo` varchar(255) NOT NULL,
  `ouser_id` int(11) NOT NULL,
  `acomm_num` mediumint(8) NOT NULL,
  `public_id` int(11) NOT NULL,
  `add_date` varchar(10) NOT NULL
) ENGINE=MyISAM AUTO_INCREMENT=23 DEFAULT CHARSET=utf8;

--
-- Дамп данных таблицы `vii_attach`
--

INSERT INTO `vii_attach` (`id`, `photo`, `ouser_id`, `acomm_num`, `public_id`, `add_date`) VALUES
(1, '147b6c16f7e652b93059.jpg', 1, 0, 0, '1434793429'),
(2, '1a47d346f3554e334cd2.jpg', 1, 0, 0, '1434793434'),
(3, '2269b881fa4df0595a10.jpg', 1, 0, 0, '1434793437'),
(4, '2c258efb412ac29db955.jpg', 1, 0, 0, '1434793444'),
(5, '28bd066368ad6d471191.jpg', 1, 0, 0, '1434793451'),
(6, '884392ab60497297868c.jpg', 1, 0, 0, '1434793581'),
(7, 'd60ef9a69f9693932a73.jpg', 1, 0, 0, '1434793585'),
(8, 'dd08c0a62ad83c1fa73a.jpg', 1, 0, 0, '1434793589'),
(9, 'a81e6828abce715e8bcb.jpg', 1, 0, 0, '1434793649'),
(10, '4dbf24712abb35a8c8c7.jpg', 1, 0, 0, '1434793657'),
(11, 'b5e7928605a415ac5f1f.jpg', 1, 0, 0, '1434793661'),
(12, '8aa2b7f62ad045a845cb.jpg', 1, 0, 0, '1434793665'),
(13, 'd5ae138668afcab3476e.jpg', 1, 1, 0, '1434793671'),
(14, '0f6fd085ab36f329ebc5.png', 1, 0, 0, '1434832389'),
(15, '5f84e3390279f50a56b1.jpg', 1, 0, 0, '1434905396'),
(16, '60361a748b6057a0a602.jpg', 1, 0, 0, '1434905630'),
(17, 'd4603064071ea5b12a63.png', 1, 0, 0, '1435174340'),
(18, 'b47088e0542d8b347ca8.jpg', 10, 0, 2, '1435178043'),
(19, 'f31e701ef60ae2262d3c.jpg', 12, 0, 0, '1435260634'),
(20, '7427fc973aad87e3e7ad.jpg', 12, 0, 0, '1435260647'),
(21, '6a0ae7cb4d822c296557.png', 4, 0, 0, '1435273958'),
(22, 'fc58b87663d3d534c1d6.png', 1, 0, 0, '1435326229');

-- --------------------------------------------------------

--
-- Структура таблицы `vii_attach_comm`
--

CREATE TABLE IF NOT EXISTS `vii_attach_comm` (
`id` int(11) NOT NULL,
  `forphoto` varchar(30) NOT NULL,
  `auser_id` int(11) NOT NULL,
  `text` text NOT NULL,
  `adate` varchar(10) NOT NULL
) ENGINE=MyISAM AUTO_INCREMENT=2 DEFAULT CHARSET=utf8;

--
-- Дамп данных таблицы `vii_attach_comm`
--

INSERT INTO `vii_attach_comm` (`id`, `forphoto`, `auser_id`, `text`, `adate`) VALUES
(1, 'd5ae138668afcab3476e.jpg', 1, 'ух', '1434793768');

-- --------------------------------------------------------

--
-- Структура таблицы `vii_audio`
--

CREATE TABLE IF NOT EXISTS `vii_audio` (
`aid` int(11) unsigned NOT NULL,
  `auser_id` int(11) unsigned NOT NULL,
  `url` text NOT NULL,
  `artist` varchar(50) NOT NULL,
  `name` varchar(50) NOT NULL,
  `adate` varchar(10) NOT NULL,
  `system` int(11) NOT NULL,
  `stype` int(11) NOT NULL
) ENGINE=MyISAM AUTO_INCREMENT=12 DEFAULT CHARSET=utf8;

--
-- Дамп данных таблицы `vii_audio`
--

INSERT INTO `vii_audio` (`aid`, `auser_id`, `url`, `artist`, `name`, `adate`, `system`, `stype`) VALUES
(1, 1, 'http://freend.ga/uploads/audio/1/1a6d9b681e4c6fa.mp3', 'HOMIE', 'Тупая', '1434794585', 0, 0),
(4, 1, 'http://freend.ga/uploads/audio/1/c2b3c65c332cb8e.mp3', 'USB -', 'Расписать тебя за блядь', '1434794767', 0, 0),
(3, 1, 'http://freend.ga/uploads/audio/1/9405c783b6f9f44.mp3', 'Akon feat. Ray Lavender', 'Against The Grain', '1434794756', 0, 0),
(5, 1, 'http://freend.ga/uploads/audio/1/4cbae2245130cbb.mp3', 'RiDer', 'А ты мне обьясни (prod. MC 77)', '1434794795', 0, 0),
(6, 1, 'http://freend.ga/uploads/audio/1/40a7daa2f7d1c46.mp3', 'Клубные Миксы на Русских Исполнителей', 'Пройдут дожди', '1434794807', 0, 0),
(7, 1, 'http://freend.ga/uploads/audio/1/0ec4955f7263f87.mp3', 'Витя Матанга', 'Любовь пацанская', '1434794849', 0, 0),
(8, 1, 'http://freend.ga/uploads/audio/1/bbc1f64b152f671.mp3', 'Птаха', 'Первое слово', '1434794868', 0, 0),
(9, 1, 'http://freend.ga/uploads/audio/1/9a91fa974705ffd.mp3', 'Каспийский Груз', 'Табор Уходит в Небо', '1434794921', 0, 0),
(10, 1, 'http://freend.ga/uploads/audio/1/d0704bd039cbba5.mp3', 'Каспийский Груз', '♫ Сарума', '1434795017', 0, 0),
(11, 4, 'http://freend.ga/uploads/audio/1/9a91fa974705ffd.mp3', 'Каспийский Груз', 'Табор Уходит в Небо', '1435274014', 0, 0);

-- --------------------------------------------------------

--
-- Структура таблицы `vii_banned`
--

CREATE TABLE IF NOT EXISTS `vii_banned` (
`id` int(11) NOT NULL,
  `descr` text NOT NULL,
  `date` varchar(15) NOT NULL,
  `always` smallint(4) NOT NULL,
  `ip` varchar(50) NOT NULL
) ENGINE=MyISAM DEFAULT CHARSET=utf8;

-- --------------------------------------------------------

--
-- Структура таблицы `vii_blog`
--

CREATE TABLE IF NOT EXISTS `vii_blog` (
`id` int(11) unsigned NOT NULL,
  `title` varchar(65) NOT NULL,
  `story` text NOT NULL,
  `date` varchar(15) NOT NULL
) ENGINE=MyISAM AUTO_INCREMENT=2 DEFAULT CHARSET=utf8;

--
-- Дамп данных таблицы `vii_blog`
--

INSERT INTO `vii_blog` (`id`, `title`, `story`, `date`) VALUES
(1, 'Открыта вакансия', 'Мы ищем хорошего, опытного и ответственного человека в нашу команду для работы над мобильной версией сайта.<br /><br /><div align="center"><b>Наша задача - реализовать легкий, плавный и удобный интерфейс сайта.</b></div><br /><br />Главная задача верстальщика - всеми силами помогать в разработке мобильной версии и применить максимум усилий и своего опыта.<br /><br /><img src="http://freend.ga/uploads/blog/d66d38fcc723ac2cb28a.png" alt="" /><br /><br /><br /><b>Требования:</b><br /><br />- Конечно же, знания языков HTML, CSS, JS и PHP<br />- Грамотность, отзывчивость и <b>целеустремленность</b><br />- Минимальный онлайн 6 часов в сутки<br />- Опыт работы с версткой мобильных версий сайтов<br /><br />Приветствуются свои проекты. Гибкий график работы.<br /><br />Если Вы заинтересованы, о можете оставить свое резюме в <!--link:/support|Технической поддержке--><a href="/support" target="_blank">Технической поддержке</a><!--/link--> с темой &quot;Резюме&quot;.', '1434821176');

-- --------------------------------------------------------

--
-- Структура таблицы `vii_bugs`
--

CREATE TABLE IF NOT EXISTS `vii_bugs` (
`id` int(11) unsigned NOT NULL,
  `uids` int(11) unsigned NOT NULL,
  `title` text NOT NULL,
  `text` text NOT NULL,
  `images` varchar(40) NOT NULL,
  `status` int(11) NOT NULL DEFAULT '1',
  `date` varchar(15) NOT NULL,
  `admin_text` text NOT NULL,
  `admin_id` int(11) NOT NULL DEFAULT '693'
) ENGINE=InnoDB AUTO_INCREMENT=12 DEFAULT CHARSET=utf8;

--
-- Дамп данных таблицы `vii_bugs`
--

INSERT INTO `vii_bugs` (`id`, `uids`, `title`, `text`, `images`, `status`, `date`, `admin_text`, `admin_id`) VALUES
(11, 1, 'Тест', 'Тестовый баг.', '3900edb56fd44ebb393c.jpg', 1, '1434788900', '', 693);

-- --------------------------------------------------------

--
-- Структура таблицы `vii_city`
--

CREATE TABLE IF NOT EXISTS `vii_city` (
`id` int(11) unsigned NOT NULL,
  `id_country` int(11) unsigned NOT NULL,
  `name` varchar(255) NOT NULL
) ENGINE=MyISAM AUTO_INCREMENT=3349 DEFAULT CHARSET=utf8;

--
-- Дамп данных таблицы `vii_city`
--

INSERT INTO `vii_city` (`id`, `id_country`, `name`) VALUES
(1, 1, 'Москва'),
(2, 1, 'Абрамцево'),
(3, 1, 'Алабино'),
(4, 1, 'Апрелевка'),
(5, 1, 'Архангельское'),
(6, 1, 'Ашитково'),
(7, 1, 'Байконур'),
(8, 1, 'Бакшеево'),
(9, 1, 'Балашиха'),
(10, 1, 'Барыбино'),
(11, 1, 'Белозёрский'),
(12, 1, 'Белоомут'),
(13, 1, 'Белые Столбы'),
(14, 1, 'Бородино (Московская обл.'),
(15, 1, 'Бронницы'),
(16, 1, 'Быково (Московская обл.)'),
(17, 1, 'Валуево'),
(18, 1, 'Вербилки'),
(19, 1, 'Верея'),
(20, 1, 'Видное'),
(21, 1, 'Внуково'),
(22, 1, 'Вождь Пролетариата'),
(23, 1, 'Волоколамск'),
(24, 1, 'Вороново'),
(25, 1, 'Воскресенск'),
(26, 1, 'Восточный'),
(27, 1, 'Востряково'),
(28, 1, 'Высоковск'),
(29, 1, 'Голицыно (Московская обл.'),
(30, 1, 'Деденево'),
(31, 1, 'Дедовск'),
(32, 1, 'Дзержинский'),
(33, 1, 'Дмитров'),
(34, 1, 'Долгопрудный'),
(35, 1, 'Домодедово'),
(36, 1, 'Дорохово'),
(37, 1, 'Дрезна'),
(38, 1, 'Дубки'),
(39, 1, 'Дубна'),
(40, 1, 'Егорьевск'),
(41, 1, 'Железнодорожный (Московск'),
(42, 1, 'Жилево'),
(43, 1, 'Жуковка'),
(44, 1, 'Жуковский'),
(45, 1, 'Загорск'),
(46, 1, 'Загорянский'),
(47, 1, 'Запрудная'),
(48, 1, 'Зарайск'),
(49, 1, 'Звенигород'),
(50, 1, 'Зеленоград'),
(51, 1, 'Ивантеевка (Московская об'),
(52, 1, 'Икша'),
(53, 1, 'Ильинский (Московская обл'),
(54, 1, 'Истра'),
(55, 1, 'Калининец'),
(56, 1, 'Кашира'),
(57, 1, 'Керва'),
(58, 1, 'Климовск'),
(59, 1, 'Клин'),
(60, 1, 'Клязьма'),
(61, 1, 'Кожино'),
(62, 1, 'Кокошкино'),
(63, 1, 'Коломна'),
(64, 1, 'Колюбакино'),
(65, 1, 'Королев'),
(66, 1, 'Косино'),
(67, 1, 'Котельники'),
(68, 1, 'Красково'),
(69, 1, 'Красноармейск (Московская'),
(70, 1, 'Красногорск'),
(71, 1, 'Краснозаводск'),
(72, 1, 'Краснознаменск (Московска'),
(73, 1, 'Красный Ткач'),
(74, 1, 'Крюково'),
(75, 1, 'Кубинка'),
(76, 1, 'Купавна'),
(77, 1, 'Куровское'),
(78, 1, 'Лесной Городок'),
(79, 1, 'Ликино-Дулево'),
(80, 1, 'Лобня'),
(81, 1, 'Лопатинский'),
(82, 1, 'Лосино-Петровский'),
(83, 1, 'Лотошино'),
(84, 1, 'Лукино'),
(85, 1, 'Луховицы'),
(86, 1, 'Лыткарино'),
(87, 1, 'Львовский'),
(88, 1, 'Люберцы'),
(89, 1, 'Малаховка'),
(90, 1, 'Михайловское'),
(91, 1, 'Михнево'),
(92, 1, 'Можайск'),
(93, 1, 'Монино'),
(94, 1, 'Московский'),
(95, 1, 'Муханово'),
(96, 1, 'Мытищи'),
(97, 1, 'Нарофоминск'),
(98, 1, 'Нахабино'),
(99, 1, 'Некрасовка'),
(100, 1, 'Немчиновка'),
(101, 1, 'Новобратцевский'),
(102, 1, 'Новоподрезково'),
(103, 1, 'Ногинск'),
(104, 1, 'Обухово'),
(105, 1, 'Одинцово'),
(106, 1, 'Ожерелье'),
(107, 1, 'Озеры'),
(108, 1, 'Октябрьский (Московская о'),
(109, 1, 'Опалиха'),
(110, 1, 'Орехово-Зуево'),
(111, 1, 'Павловский Посад'),
(112, 1, 'Первомайский (Московская '),
(113, 1, 'Пески (Московская обл.)'),
(114, 1, 'Пироговский'),
(115, 1, 'Подольск'),
(116, 1, 'Полушкино'),
(117, 1, 'Правдинский'),
(118, 1, 'Привокзальный'),
(119, 1, 'Пролетарский'),
(120, 1, 'Протвино (Московская обл.'),
(121, 1, 'Пушкино'),
(122, 1, 'Пущино'),
(123, 1, 'Раменское'),
(124, 1, 'Реутов'),
(125, 1, 'Решетниково'),
(126, 1, 'Родники (Московская обл.)'),
(127, 1, 'Рошаль'),
(128, 1, 'Рублево'),
(129, 1, 'Руза'),
(130, 1, 'Салтыковка'),
(131, 1, 'Северный'),
(132, 1, 'Сергиев Посад'),
(133, 1, 'Серебряные Пруды'),
(134, 1, 'Серпухов'),
(135, 1, 'Солнечногорск'),
(136, 1, 'Солнцево'),
(137, 1, 'Софрино'),
(138, 1, 'Старая Купавна'),
(139, 1, 'Старбеево'),
(140, 1, 'Ступино'),
(141, 1, 'Сходня'),
(142, 1, 'Талдом'),
(143, 1, 'Текстильщик'),
(144, 1, 'Темпы'),
(145, 1, 'Томилино'),
(146, 1, 'Троицк'),
(147, 1, 'Туголесский Бор'),
(148, 1, 'Тучково'),
(149, 1, 'Уваровка'),
(150, 1, 'Удельная'),
(151, 1, 'Успенское'),
(152, 1, 'Фирсановка'),
(153, 1, 'Фрязино'),
(154, 1, 'Фряново'),
(155, 1, 'Химки'),
(156, 1, 'Хотьково'),
(157, 1, 'Черкизово'),
(158, 1, 'Черноголовка'),
(159, 1, 'Черусти'),
(160, 1, 'Чехов'),
(161, 1, 'Шарапово'),
(162, 1, 'Шатура'),
(163, 1, 'Шатурторф'),
(164, 1, 'Шаховская'),
(165, 1, 'Шереметьевский'),
(166, 1, 'Щелково'),
(167, 1, 'Щербинка'),
(168, 1, 'Электрогорск'),
(169, 1, 'Электросталь'),
(170, 1, 'Электроугли'),
(171, 1, 'Юбилейный (Московская обл'),
(172, 1, 'Яхрома'),
(173, 1, 'Санкт-Петербург'),
(174, 1, 'Александровская'),
(175, 1, 'Бокситогорск'),
(176, 1, 'Большая Ижора'),
(177, 1, 'Будогощь'),
(178, 1, 'Вознесенье'),
(179, 1, 'Волосово'),
(180, 1, 'Волхов'),
(181, 1, 'Всеволожск'),
(182, 1, 'Выборг'),
(183, 1, 'Вырица'),
(184, 1, 'Высоцк'),
(185, 1, 'Гатчина'),
(186, 1, 'Дружная Горка'),
(187, 1, 'Дубровка'),
(188, 1, 'Ефимовский'),
(189, 1, 'Зеленогорск (Ленинградска'),
(190, 1, 'Ивангород'),
(191, 1, 'Каменногорск'),
(192, 1, 'Кикерино'),
(193, 1, 'Кингисепп'),
(194, 1, 'Кириши'),
(195, 1, 'Кировск'),
(196, 1, 'Кобринское'),
(197, 1, 'Колпино'),
(198, 1, 'Коммунар'),
(199, 1, 'Коммунар'),
(200, 1, 'Кронштадт'),
(201, 1, 'Лисий Нос'),
(202, 1, 'Лодейное Поле'),
(203, 1, 'Ломоносов'),
(204, 1, 'Луга'),
(205, 1, 'Павловск (Ленинградская о'),
(206, 1, 'Парголово'),
(207, 1, 'Петродворец'),
(208, 1, 'Пикалёво'),
(209, 1, 'Подпорожье'),
(210, 1, 'Приозерск'),
(211, 1, 'Пушкин'),
(212, 1, 'Светогорск'),
(213, 1, 'Сертолово'),
(214, 1, 'Сестрорецк'),
(215, 1, 'Сланцы'),
(216, 1, 'Сосновый Бор'),
(217, 1, 'Тихвин'),
(218, 1, 'Тосно'),
(219, 1, 'Шлиссельбург'),
(220, 1, 'Адыгейск'),
(221, 1, 'Майкоп (Адыгея)'),
(222, 1, 'Акташ'),
(223, 1, 'Акутиха'),
(224, 1, 'Алейск'),
(225, 1, 'Алтайский'),
(226, 1, 'Баево'),
(227, 1, 'Барнаул'),
(228, 1, 'Белово (Алтайский край)'),
(229, 1, 'Белокуриха'),
(230, 1, 'Белоярск'),
(231, 1, 'Бийск'),
(232, 1, 'Благовещенск'),
(233, 1, 'Боровлянка'),
(234, 1, 'Бурла'),
(235, 1, 'Бурсоль'),
(236, 1, 'Быстрый Исток'),
(237, 1, 'Волчиха'),
(238, 1, 'Горно-Алтайск'),
(239, 1, 'Горняк'),
(240, 1, 'Ельцовка'),
(241, 1, 'Залесово'),
(242, 1, 'Заринск'),
(243, 1, 'Заток'),
(244, 1, 'Змеиногорск'),
(245, 1, 'Камень-на-Оби'),
(246, 1, 'Ключи (Алтайский край)'),
(247, 1, 'Кош-Агач'),
(248, 1, 'Красногорское (Алтайский '),
(249, 1, 'Краснощеково'),
(250, 1, 'Кулунда'),
(251, 1, 'Кытманово'),
(252, 1, 'Мамонтово'),
(253, 1, 'Новичиха'),
(254, 1, 'Новоалтайск'),
(255, 1, 'Онгудай'),
(256, 1, 'Павловск (Алтайский край)'),
(257, 1, 'Петропавловское'),
(258, 1, 'Поспелиха'),
(259, 1, 'Ребриха'),
(260, 1, 'Родино'),
(261, 1, 'Рубцовск'),
(262, 1, 'Славгород'),
(263, 1, 'Смоленское'),
(264, 1, 'Солонешное'),
(265, 1, 'Солтон'),
(266, 1, 'Староаллейское'),
(267, 1, 'Табуны'),
(268, 1, 'Тальменка'),
(269, 1, 'Тогул'),
(270, 1, 'Топчиха'),
(271, 1, 'Троицкое (Алтайский край)'),
(272, 1, 'Турочак'),
(273, 1, 'Тюменцево'),
(274, 1, 'Угловское'),
(275, 1, 'Усть-Калманка'),
(276, 1, 'Усть-Кан'),
(277, 1, 'Усть-Кокса'),
(278, 1, 'Усть-Улаган'),
(279, 1, 'Усть-Чарышская Пристань'),
(280, 1, 'Хабары'),
(281, 1, 'Целинное'),
(282, 1, 'Чарышское'),
(283, 1, 'Шебалино'),
(284, 1, 'Шелаболиха'),
(285, 1, 'Шипуново'),
(286, 1, 'Айгунь'),
(287, 1, 'Архара'),
(288, 1, 'Белогорск'),
(289, 1, 'Благовещенск (Амурская об'),
(290, 1, 'Бурея'),
(291, 1, 'Возжаевка'),
(292, 1, 'Екатеринославка'),
(293, 1, 'Ерофей Павлович'),
(294, 1, 'Завитинск'),
(295, 1, 'Зея'),
(296, 1, 'Златоустовск'),
(297, 1, 'Ивановка'),
(298, 1, 'Коболдо'),
(299, 1, 'Магдагачи'),
(300, 1, 'Новобурейский'),
(301, 1, 'Поярково'),
(302, 1, 'Райчихинск'),
(303, 1, 'Ромны'),
(304, 1, 'Свободный'),
(305, 1, 'Серышево'),
(306, 1, 'Сковородино'),
(307, 1, 'Стойба'),
(308, 1, 'Тамбовка'),
(309, 1, 'Тында'),
(310, 1, 'Февральск'),
(311, 1, 'Шимановск'),
(312, 1, 'Экимчан'),
(313, 1, 'Ядрино'),
(314, 1, 'Амдерма'),
(315, 1, 'Архангельск'),
(316, 1, 'Березник'),
(317, 1, 'Вельск'),
(318, 1, 'Верхняя Тойма'),
(319, 1, 'Волошка'),
(320, 1, 'Вычегодский'),
(321, 1, 'Емца'),
(322, 1, 'Илеза'),
(323, 1, 'Ильинско-Подомское'),
(324, 1, 'Каргополь (Архангельская '),
(325, 1, 'Карпогоры'),
(326, 1, 'Кодино'),
(327, 1, 'Коноша'),
(328, 1, 'Коряжма'),
(329, 1, 'Котлас'),
(330, 1, 'Красноборск'),
(331, 1, 'Лешуконское'),
(332, 1, 'Мезень'),
(333, 1, 'Мирный (Архангельская обл'),
(334, 1, 'Нарьян-Мар'),
(335, 1, 'Новодвинск'),
(336, 1, 'Няндома'),
(337, 1, 'Онега'),
(338, 1, 'Пинега'),
(339, 1, 'Плесецк'),
(340, 1, 'Савинск'),
(341, 1, 'Северодвинск'),
(342, 1, 'Сольвычегодск'),
(343, 1, 'Холмогоры'),
(344, 1, 'Шенкурск'),
(345, 1, 'Яренск'),
(346, 1, 'Астрахань'),
(347, 1, 'Ахтубинск'),
(348, 1, 'Верхний Баскунчак'),
(349, 1, 'Володарский'),
(350, 1, 'Енотаевка'),
(351, 1, 'Икряное'),
(352, 1, 'Камызяк'),
(353, 1, 'Капустин Яр'),
(354, 1, 'Красный Яр (Астраханская '),
(355, 1, 'Лиман'),
(356, 1, 'Началово'),
(357, 1, 'Харабали'),
(358, 1, 'Черный Яр'),
(359, 1, 'Агидель'),
(360, 1, 'Аксаково'),
(361, 1, 'Амзя'),
(362, 1, 'Архангелькое'),
(363, 1, 'Аскарово'),
(364, 1, 'Аскино'),
(365, 1, 'Баймак'),
(366, 1, 'Бакалы'),
(367, 1, 'Белебей'),
(368, 1, 'Белорецк'),
(369, 1, 'Бижбуляк'),
(370, 1, 'Бирск'),
(371, 1, 'Благовещенск (Башкирия)'),
(372, 1, 'Большеустьикинское'),
(373, 1, 'Бураево'),
(374, 1, 'Верхнеяркеево'),
(375, 1, 'Верхние Киги'),
(376, 1, 'Верхние Татышлы'),
(377, 1, 'Верхний Авзян'),
(378, 1, 'Давлеканово'),
(379, 1, 'Дуван'),
(380, 1, 'Дюртюли'),
(381, 1, 'Ермекеево'),
(382, 1, 'Ермолаево'),
(383, 1, 'Зилаир'),
(384, 1, 'Зирган'),
(385, 1, 'Иглино'),
(386, 1, 'Инзер'),
(387, 1, 'Исянгулово'),
(388, 1, 'Ишимбай'),
(389, 1, 'Калтасы'),
(390, 1, 'Кананикольское'),
(391, 1, 'Кандры'),
(392, 1, 'Караидель'),
(393, 1, 'Караидельский'),
(394, 1, 'Киргиз-Мияки'),
(395, 1, 'Красноусольский'),
(396, 1, 'Кумертау'),
(397, 1, 'Кушнаренково'),
(398, 1, 'Малояз'),
(399, 1, 'Межгорье'),
(400, 1, 'Мелеуз'),
(401, 1, 'Месягутово'),
(402, 1, 'Мраково'),
(403, 1, 'Нефтекамск'),
(404, 1, 'Октябрьский (Башкирия)'),
(405, 1, 'Приютово'),
(406, 1, 'Раевский'),
(407, 1, 'Салават'),
(408, 1, 'Сибай'),
(409, 1, 'Старобалтачево'),
(410, 1, 'Старосубхангулово'),
(411, 1, 'Стерлибашево'),
(412, 1, 'Стерлитамак'),
(413, 1, 'Туймазы'),
(414, 1, 'Уфа'),
(415, 1, 'Учалы'),
(416, 1, 'Федоровка (Башкирия)'),
(417, 1, 'Чекмагуш'),
(418, 1, 'Чишмы'),
(419, 1, 'Шаран'),
(420, 1, 'Янаул'),
(421, 1, 'Алексеевка (Белгородская '),
(422, 1, 'Белгород'),
(423, 1, 'Борисовка'),
(424, 1, 'Валуйки'),
(425, 1, 'Вейделевка'),
(426, 1, 'Волоконовка'),
(427, 1, 'Грайворон'),
(428, 1, 'Губкин'),
(429, 1, 'Ивня'),
(430, 1, 'Короча'),
(431, 1, 'Красногвардейское (Белгор'),
(432, 1, 'Новый Оскол'),
(433, 1, 'Ракитное'),
(434, 1, 'Ровеньки'),
(435, 1, 'Старый Оскол'),
(436, 1, 'Строитель'),
(437, 1, 'Чернянка'),
(438, 1, 'Шебекино'),
(439, 1, 'Алтухово'),
(440, 1, 'Белая Березка'),
(441, 1, 'Белые Берега'),
(442, 1, 'Большое Полпино'),
(443, 1, 'Брянск'),
(444, 1, 'Бытошь'),
(445, 1, 'Выгоничи'),
(446, 1, 'Вышков'),
(447, 1, 'Гордеевка'),
(448, 1, 'Дубровка (Брянская обл.)'),
(449, 1, 'Дятьково'),
(450, 1, 'Дятьково'),
(451, 1, 'Жирятино'),
(452, 1, 'Жуковка'),
(453, 1, 'Злынка'),
(454, 1, 'Ивот'),
(455, 1, 'Карачев'),
(456, 1, 'Клетня'),
(457, 1, 'Климово'),
(458, 1, 'Клинцы'),
(459, 1, 'Кокаревка'),
(460, 1, 'Комаричи'),
(461, 1, 'Красная Гора'),
(462, 1, 'Локоть (Брянская обл.)'),
(463, 1, 'Мглин'),
(464, 1, 'Навля'),
(465, 1, 'Новозыбков'),
(466, 1, 'Погар'),
(467, 1, 'Почеп'),
(468, 1, 'Ржаница'),
(469, 1, 'Рогнедино'),
(470, 1, 'Севск'),
(471, 1, 'Стародуб'),
(472, 1, 'Суземка'),
(473, 1, 'Сураж'),
(474, 1, 'Трубчевск'),
(475, 1, 'Унеча'),
(476, 1, 'Бабушкин'),
(477, 1, 'Багдарин'),
(478, 1, 'Баргузин'),
(479, 1, 'Баянгол'),
(480, 1, 'Бичура'),
(481, 1, 'Выдрино'),
(482, 1, 'Гусиное Озеро'),
(483, 1, 'Гусиноозерск'),
(484, 1, 'Заиграево'),
(485, 1, 'Закаменск'),
(486, 1, 'Иволгинск'),
(487, 1, 'Илька'),
(488, 1, 'Кабанск'),
(489, 1, 'Каменск'),
(490, 1, 'Кижинга'),
(491, 1, 'Курумкан'),
(492, 1, 'Кырен'),
(493, 1, 'Кяхта'),
(494, 1, 'Монды'),
(495, 1, 'Мухоршибирь'),
(496, 1, 'Нижнеангарск'),
(497, 1, 'Орлик'),
(498, 1, 'Петропавловка (Бурятия)'),
(499, 1, 'Романовка (Бурятия)'),
(500, 1, 'Северобайкальск (Бурятия)'),
(501, 1, 'Селенгинск'),
(502, 1, 'Сосново-Озерское'),
(503, 1, 'Таксимо (Бурятия)'),
(504, 1, 'Турунтаево'),
(505, 1, 'Улан-Удэ'),
(506, 1, 'Хоринск'),
(507, 1, 'Александров'),
(508, 1, 'Андреево'),
(509, 1, 'Анопино'),
(510, 1, 'Бавлены'),
(511, 1, 'Балакирево'),
(512, 1, 'Боголюбово'),
(513, 1, 'Великодворский'),
(514, 1, 'Вербовский'),
(515, 1, 'Владимир'),
(516, 1, 'Вязники'),
(517, 1, 'Городищи (Владимирская об'),
(518, 1, 'Гороховец'),
(519, 1, 'Гусевский'),
(520, 1, 'Гусь Хрустальный'),
(521, 1, 'Гусь-Хрустальный'),
(522, 1, 'Золотково'),
(523, 1, 'Иванищи'),
(524, 1, 'Камешково'),
(525, 1, 'Карабаново'),
(526, 1, 'Киржач'),
(527, 1, 'Ковров'),
(528, 1, 'Кольчугино'),
(529, 1, 'Красная Горбатка'),
(530, 1, 'Лакинск'),
(531, 1, 'Меленки'),
(532, 1, 'Муром'),
(533, 1, 'Петушки'),
(534, 1, 'Покров'),
(535, 1, 'Радужный (Владимирская об'),
(536, 1, 'Собинка'),
(537, 1, 'Судогда'),
(538, 1, 'Суздаль'),
(539, 1, 'Юрьев-Польский'),
(540, 1, 'Алексеевская'),
(541, 1, 'Алущевск'),
(542, 1, 'Быково (Волгоградская обл'),
(543, 1, 'Волгоград'),
(544, 1, 'Волжский (Волгоградская о'),
(545, 1, 'Городище (Волгоградская о'),
(546, 1, 'Дубовка (Волгоградская об'),
(547, 1, 'Елань'),
(548, 1, 'Жирновск'),
(549, 1, 'Иловля'),
(550, 1, 'Калач-на-Дону'),
(551, 1, 'Камышин'),
(552, 1, 'Кириллов'),
(553, 1, 'Клетский'),
(554, 1, 'Котельниково'),
(555, 1, 'Котово'),
(556, 1, 'Кумылженская'),
(557, 1, 'Ленинск'),
(558, 1, 'Михайловка'),
(559, 1, 'Нехаевский'),
(560, 1, 'Николаевск'),
(561, 1, 'Новоаннинский'),
(562, 1, 'Новониколаевский'),
(563, 1, 'Ольховка'),
(564, 1, 'Палласовка (Волгоградская'),
(565, 1, 'Рудня (Волгоградская обл.'),
(566, 1, 'Светлый Яр'),
(567, 1, 'Серафимович'),
(568, 1, 'Средняя Ахтуба'),
(569, 1, 'Сталинград'),
(570, 1, 'Старая Полтавка'),
(571, 1, 'Суровикино'),
(572, 1, 'Урюпинск'),
(573, 1, 'Фролово'),
(574, 1, 'Чернышковский'),
(575, 1, 'Бабаево'),
(576, 1, 'Белозерск'),
(577, 1, 'Великий Устюг'),
(578, 1, 'Верховажье'),
(579, 1, 'Вожега'),
(580, 1, 'Вологда'),
(581, 1, 'Вохтога'),
(582, 1, 'Вытегра'),
(583, 1, 'Грязовец'),
(584, 1, 'Кадников'),
(585, 1, 'Кадуй'),
(586, 1, 'Кириллов'),
(587, 1, 'Кичменгский Городок'),
(588, 1, 'Липин Бор'),
(589, 1, 'Никольск'),
(590, 1, 'Нюксеница'),
(591, 1, 'Сокол'),
(592, 1, 'Сямжа'),
(593, 1, 'Тарногский Городок'),
(594, 1, 'Тотьма'),
(595, 1, 'Устюжна'),
(596, 1, 'Харовск'),
(597, 1, 'Чагода'),
(598, 1, 'Череповец'),
(599, 1, 'Шексна'),
(600, 1, 'Шуйское'),
(601, 1, 'Анна'),
(602, 1, 'Бобров'),
(603, 1, 'Богучар'),
(604, 1, 'Борисоглебск'),
(605, 1, 'Бутурлиновка'),
(606, 1, 'Верхний Мамон'),
(607, 1, 'Верхняя Хава'),
(608, 1, 'Воробьевка'),
(609, 1, 'Воронеж'),
(610, 1, 'Грибановский'),
(611, 1, 'Давыдовка'),
(612, 1, 'Елань-Коленовский'),
(613, 1, 'Калач'),
(614, 1, 'Кантемировка'),
(615, 1, 'Лиски (Воронежская обл.)'),
(616, 1, 'Нижнедевицк'),
(617, 1, 'Новая Усмань'),
(618, 1, 'Нововоронеж'),
(619, 1, 'Новохоперск'),
(620, 1, 'Ольховатка'),
(621, 1, 'Острогожск'),
(622, 1, 'Павловск (Воронежская обл'),
(623, 1, 'Панино'),
(624, 1, 'Петропавловка'),
(625, 1, 'Поворино'),
(626, 1, 'Подгоренский'),
(627, 1, 'Рамонь'),
(628, 1, 'Репьевка'),
(629, 1, 'Россошь'),
(630, 1, 'Семилуки'),
(631, 1, 'Таловая'),
(632, 1, 'Терновка'),
(633, 1, 'Хохольский'),
(634, 1, 'Эртиль'),
(635, 1, 'Агвали'),
(636, 1, 'Акуша'),
(637, 1, 'Ахты'),
(638, 1, 'Ачису'),
(639, 1, 'Бабаюрт'),
(640, 1, 'Бежта'),
(641, 1, 'Ботлих'),
(642, 1, 'Буйнакск'),
(643, 1, 'Вачи'),
(644, 1, 'Гергебиль'),
(645, 1, 'Гуниб'),
(646, 1, 'Дагестанские Огни'),
(647, 1, 'Дербент'),
(648, 1, 'Дылым'),
(649, 1, 'Ершовка'),
(650, 1, 'Избербаш'),
(651, 1, 'Карабудахкент'),
(652, 1, 'Карата'),
(653, 1, 'Каспийск'),
(654, 1, 'Касумкент'),
(655, 1, 'Кизилюрт'),
(656, 1, 'Кизляр'),
(657, 1, 'Кочубей'),
(658, 1, 'Кумух'),
(659, 1, 'Курах'),
(660, 1, 'Магарамкент'),
(661, 1, 'Маджалис'),
(662, 1, 'Махачкала'),
(663, 1, 'Мехельта'),
(664, 1, 'Новолакское'),
(665, 1, 'Рутул'),
(666, 1, 'Советское (Дагестан)'),
(667, 1, 'Тарумовка'),
(668, 1, 'Терекли-Мектеб'),
(669, 1, 'Тлярата'),
(670, 1, 'Тпиг'),
(671, 1, 'Унцукуль'),
(672, 1, 'Уркарах'),
(673, 1, 'Хасавюрт'),
(674, 1, 'Хив'),
(675, 1, 'Хунзах'),
(676, 1, 'Цуриб'),
(677, 1, 'Южно-Сухокумск'),
(678, 1, 'Биробиджан'),
(679, 1, 'Архиповка'),
(680, 1, 'Верхний Ландех'),
(681, 1, 'Вичуга'),
(682, 1, 'Гаврилов Посад'),
(683, 1, 'Долматовский'),
(684, 1, 'Дуляпино'),
(685, 1, 'Заволжск'),
(686, 1, 'Заречный (Ивановская обл.'),
(687, 1, 'Иваново'),
(688, 1, 'Иваньковский'),
(689, 1, 'Ильинское-Хованское'),
(690, 1, 'Каминский'),
(691, 1, 'Кинешма'),
(692, 1, 'Комсомольск'),
(693, 1, 'Кохма'),
(694, 1, 'Лух'),
(695, 1, 'Палех'),
(696, 1, 'Пестяки'),
(697, 1, 'Приволжск'),
(698, 1, 'Пучеж'),
(699, 1, 'Родники (Ивановская обл.)'),
(700, 1, 'Савино'),
(701, 1, 'Сокольское'),
(702, 1, 'Тейково'),
(703, 1, 'Фурманов'),
(704, 1, 'Шуя'),
(705, 1, 'Южа'),
(706, 1, 'Юрьевец'),
(707, 1, 'Алексеевск'),
(708, 1, 'Алзамай'),
(709, 1, 'Алыгжер'),
(710, 1, 'Ангарск'),
(711, 1, 'Артемовский (Иркутская об'),
(712, 1, 'Байкал'),
(713, 1, 'Байкальск'),
(714, 1, 'Балаганск'),
(715, 1, 'Баяндай'),
(716, 1, 'Бирюсинск'),
(717, 1, 'Бодайбо'),
(718, 1, 'Большая Речка'),
(719, 1, 'Большой Луг'),
(720, 1, 'Бохан'),
(721, 1, 'Братск'),
(722, 1, 'Видим'),
(723, 1, 'Витимский'),
(724, 1, 'Вихоревка'),
(725, 1, 'Еланцы'),
(726, 1, 'Ербогачен'),
(727, 1, 'Железногорск-Илимский'),
(728, 1, 'Жигалово'),
(729, 1, 'Забитуй'),
(730, 1, 'Залари'),
(731, 1, 'Звездный'),
(732, 1, 'Зима'),
(733, 1, 'Иркутск'),
(734, 1, 'Казачинское (Иркутская об'),
(735, 1, 'Качуг'),
(736, 1, 'Квиток'),
(737, 1, 'Киренск'),
(738, 1, 'Куйтун'),
(739, 1, 'Култук'),
(740, 1, 'Кутулик'),
(741, 1, 'Мама'),
(742, 1, 'Нижнеудинск'),
(743, 1, 'Оса'),
(744, 1, 'Саянск'),
(745, 1, 'Слюдянка'),
(746, 1, 'Тайшет'),
(747, 1, 'Тулун'),
(748, 1, 'Усолье-Сибирское (Иркутск'),
(749, 1, 'Усть-Илимск'),
(750, 1, 'Усть-Кут'),
(751, 1, 'Усть-Ордынский'),
(752, 1, 'Усть-Уда'),
(753, 1, 'Черемхово'),
(754, 1, 'Чунский'),
(755, 1, 'Шелехов'),
(756, 1, 'Баксан'),
(757, 1, 'Майский'),
(758, 1, 'Нальчик'),
(759, 1, 'Нарткала'),
(760, 1, 'Прохладный'),
(761, 1, 'Советское (Кабардино-Балк'),
(762, 1, 'Терек'),
(763, 1, 'Тырныауз'),
(764, 1, 'Чегем-Первый'),
(765, 1, 'Багратионовск'),
(766, 1, 'Балтийск'),
(767, 1, 'Гвардейск'),
(768, 1, 'Гурьевск (Калининградская'),
(769, 1, 'Гусев'),
(770, 1, 'Железнодорожный (Калининг'),
(771, 1, 'Зеленоградск'),
(772, 1, 'Знаменск'),
(773, 1, 'Калининград (Кенигсберг)'),
(774, 1, 'Краснознаменск (Калинингр'),
(775, 1, 'Ладушкин'),
(776, 1, 'Мамоново'),
(777, 1, 'Неман'),
(778, 1, 'Нестеров'),
(779, 1, 'Озерск(Калининградская об'),
(780, 1, 'Пионерск'),
(781, 1, 'Полесск'),
(782, 1, 'Правдинск'),
(783, 1, 'Светлогорск'),
(784, 1, 'Светлый (Калининградская '),
(785, 1, 'Славск'),
(786, 1, 'Советск (Калининградская '),
(787, 1, 'Черняховск'),
(788, 1, 'Аршань'),
(789, 1, 'Городовиковск'),
(790, 1, 'Каспийский'),
(791, 1, 'Комсомольский (Калмыкия)'),
(792, 1, 'Малые Дербеты'),
(793, 1, 'Приютное'),
(794, 1, 'Советское (Калмыкия)'),
(795, 1, 'Троицкое (Калмыкия)'),
(796, 1, 'Утта'),
(797, 1, 'Цаган-Аман'),
(798, 1, 'Элиста'),
(799, 1, 'Юста'),
(800, 1, 'Яшалта'),
(801, 1, 'Яшкуль'),
(802, 1, 'Бабынино'),
(803, 1, 'Балабаново'),
(804, 1, 'Барятино'),
(805, 1, 'Белоусово'),
(806, 1, 'Бетлица'),
(807, 1, 'Боровск'),
(808, 1, 'Дудоровский'),
(809, 1, 'Думиничи'),
(810, 1, 'Еленский'),
(811, 1, 'Жиздра'),
(812, 1, 'Жуков'),
(813, 1, 'Износки'),
(814, 1, 'Калуга'),
(815, 1, 'Киров (Калужская обл.)'),
(816, 1, 'Козельск'),
(817, 1, 'Кондрово'),
(818, 1, 'Кремёнки'),
(819, 1, 'Людиново'),
(820, 1, 'Малоярославец'),
(821, 1, 'Медынь'),
(822, 1, 'Мещовск'),
(823, 1, 'Мосальск'),
(824, 1, 'Обнинск'),
(825, 1, 'Перемышль'),
(826, 1, 'Спас-Деменск'),
(827, 1, 'Сухиничи'),
(828, 1, 'Таруса'),
(829, 1, 'Ульяново'),
(830, 1, 'Ферзиково'),
(831, 1, 'Хвастовичи'),
(832, 1, 'Юхнов'),
(833, 1, 'Атласово'),
(834, 1, 'Аянка'),
(835, 1, 'Большерецк'),
(836, 1, 'Вилючинск'),
(837, 1, 'Елизово (Камчатская обл.)'),
(838, 1, 'Ильпырский'),
(839, 1, 'Каменское'),
(840, 1, 'Кировский'),
(841, 1, 'Ключи (Камчатская обл.)'),
(842, 1, 'Крапивная'),
(843, 1, 'Мильково'),
(844, 1, 'Никольское'),
(845, 1, 'Озерновский'),
(846, 1, 'Оссора'),
(847, 1, 'Палана'),
(848, 1, 'Парень'),
(849, 1, 'Пахачи'),
(850, 1, 'Петропавловск-Камчатский'),
(851, 1, 'Тигиль'),
(852, 1, 'Тиличики'),
(853, 1, 'Усть-Большерецк'),
(854, 1, 'Усть-Камчатск'),
(855, 1, 'Амбарный'),
(856, 1, 'Беломорск'),
(857, 1, 'Валаам'),
(858, 1, 'Вирандозеро'),
(859, 1, 'Гирвас'),
(860, 1, 'Деревянка'),
(861, 1, 'Идель'),
(862, 1, 'Ильинский (Карелия)'),
(863, 1, 'Калевала'),
(864, 1, 'Кемь'),
(865, 1, 'Кестеньга'),
(866, 1, 'Кондопога'),
(867, 1, 'Костомукша'),
(868, 1, 'Лахденпохья'),
(869, 1, 'Лоухи'),
(870, 1, 'Медвежьегорск'),
(871, 1, 'Муезерский'),
(872, 1, 'Олонец'),
(873, 1, 'Петрозаводск'),
(874, 1, 'Питкяранта'),
(875, 1, 'Повенец'),
(876, 1, 'Пряжа'),
(877, 1, 'Пудож'),
(878, 1, 'Сегежа'),
(879, 1, 'Сортавала'),
(880, 1, 'Суоярви'),
(881, 1, 'Хийденсельга'),
(882, 1, 'Анжеро-Судженск'),
(883, 1, 'Барзас'),
(884, 1, 'Белово'),
(885, 1, 'Белогорск'),
(886, 1, 'Березовский (Кемеровская '),
(887, 1, 'Грамотеино'),
(888, 1, 'Гурьевск'),
(889, 1, 'Ижморский'),
(890, 1, 'Итатский'),
(891, 1, 'Калтан'),
(892, 1, 'Кедровка'),
(893, 1, 'Кемерово'),
(894, 1, 'Киселевск'),
(895, 1, 'Крапивинский'),
(896, 1, 'Ленинск-Кузнецкий'),
(897, 1, 'Мариинск'),
(898, 1, 'Междуреченск'),
(899, 1, 'Мыски'),
(900, 1, 'Новокузнецк'),
(901, 1, 'Осинники'),
(902, 1, 'Полысаево'),
(903, 1, 'Прокопьевск'),
(904, 1, 'Промышленная'),
(905, 1, 'Тайга'),
(906, 1, 'Таштагол'),
(907, 1, 'Тисуль'),
(908, 1, 'Топки'),
(909, 1, 'Тяжинский'),
(910, 1, 'Юрга'),
(911, 1, 'Яшкино'),
(912, 1, 'Яя'),
(913, 1, 'Арбаж'),
(914, 1, 'Аркуль'),
(915, 1, 'Белая Холуница'),
(916, 1, 'Богородское (Кировская об'),
(917, 1, 'Боровой'),
(918, 1, 'Верхошижемье'),
(919, 1, 'Вятские Поляны (Кировская'),
(920, 1, 'Зуевка'),
(921, 1, 'Каринторф'),
(922, 1, 'Кикнур'),
(923, 1, 'Кильмезь'),
(924, 1, 'Киров (Кировская обл.)'),
(925, 1, 'Кирово-Чепецк'),
(926, 1, 'Кирс'),
(927, 1, 'Кобра'),
(928, 1, 'Котельнич'),
(929, 1, 'Кумены'),
(930, 1, 'Ленинское'),
(931, 1, 'Луза'),
(932, 1, 'Малмыж'),
(933, 1, 'Мураши'),
(934, 1, 'Нагорск'),
(935, 1, 'Нема'),
(936, 1, 'Нововятск'),
(937, 1, 'Нолинск'),
(938, 1, 'Омутнинск'),
(939, 1, 'Опарино'),
(940, 1, 'Оричи'),
(941, 1, 'Пижанка'),
(942, 1, 'Подосиновец'),
(943, 1, 'Санчурск'),
(944, 1, 'Свеча'),
(945, 1, 'Слободской'),
(946, 1, 'Советск (Кировская обл.)'),
(947, 1, 'Суна'),
(948, 1, 'Тужа'),
(949, 1, 'Уни'),
(950, 1, 'Уржум'),
(951, 1, 'Фаленки'),
(952, 1, 'Халтурин'),
(953, 1, 'Юрья'),
(954, 1, 'Яранск'),
(955, 1, 'Абезь'),
(956, 1, 'Адзьвавом'),
(957, 1, 'Айкино'),
(958, 1, 'Верхняя Инта'),
(959, 1, 'Визинга'),
(960, 1, 'Водный'),
(961, 1, 'Воркута'),
(962, 1, 'Вуктыл'),
(963, 1, 'Елецкий'),
(964, 1, 'Емва'),
(965, 1, 'Жешарт'),
(966, 1, 'Заполярный'),
(967, 1, 'Ижма'),
(968, 1, 'Инта'),
(969, 1, 'Ираель'),
(970, 1, 'Каджером'),
(971, 1, 'Кажым'),
(972, 1, 'Кожым'),
(973, 1, 'Койгородок'),
(974, 1, 'Корткерос'),
(975, 1, 'Кослан'),
(976, 1, 'Микунь'),
(977, 1, 'Нижний Одес'),
(978, 1, 'Объячево'),
(979, 1, 'Печора'),
(980, 1, 'Сосногорск'),
(981, 1, 'Сыктывкар'),
(982, 1, 'Троицко-Печерск'),
(983, 1, 'Усинск'),
(984, 1, 'Усогорск'),
(985, 1, 'Усть-Кулом'),
(986, 1, 'Усть-Цильма'),
(987, 1, 'Ухта'),
(988, 1, 'Антропово'),
(989, 1, 'Боговарово'),
(990, 1, 'Буй'),
(991, 1, 'Волгореченск'),
(992, 1, 'Галич'),
(993, 1, 'Горчуха'),
(994, 1, 'Зебляки'),
(995, 1, 'Кадый'),
(996, 1, 'Кологрив'),
(997, 1, 'Кострома'),
(998, 1, 'Красное-на-Волге'),
(999, 1, 'Макарьев'),
(1000, 1, 'Мантурово'),
(1001, 1, 'Нерехта'),
(1002, 1, 'Нея'),
(1003, 1, 'Островское'),
(1004, 1, 'Павино'),
(1005, 1, 'Парфентьево'),
(1006, 1, 'Поназырево'),
(1007, 1, 'Солигалич'),
(1008, 1, 'Судиславль'),
(1009, 1, 'Сусанино'),
(1010, 1, 'Чухлома'),
(1011, 1, 'Шарья'),
(1012, 1, 'Шемятино'),
(1013, 1, 'Абинск'),
(1014, 1, 'Абрау-Дюрсо'),
(1015, 1, 'Адлер'),
(1016, 1, 'Анапа'),
(1017, 1, 'Апшеронск'),
(1018, 1, 'Армавир'),
(1019, 1, 'Архипо-Осиповка'),
(1020, 1, 'Афипский'),
(1021, 1, 'Ахтырский'),
(1022, 1, 'Ачуево'),
(1023, 1, 'Белая Глина'),
(1024, 1, 'Белореченск'),
(1025, 1, 'Верхнебаканский'),
(1026, 1, 'Выселки'),
(1027, 1, 'Геленджик'),
(1028, 1, 'Гиагинская'),
(1029, 1, 'Горячий Ключ'),
(1030, 1, 'Гулькевичи'),
(1031, 1, 'Джубга'),
(1032, 1, 'Динская'),
(1033, 1, 'Ейск'),
(1034, 1, 'Ильский'),
(1035, 1, 'Кабардинка'),
(1036, 1, 'Калинино'),
(1037, 1, 'Калининская'),
(1038, 1, 'Каменномостский'),
(1039, 1, 'Каневская'),
(1040, 1, 'Кореновск'),
(1041, 1, 'Красноармейская'),
(1042, 1, 'Краснодар'),
(1043, 1, 'Кропоткин'),
(1044, 1, 'Крыловская'),
(1045, 1, 'Крымск'),
(1046, 1, 'Курганинск'),
(1047, 1, 'Кущевская'),
(1048, 1, 'Лабинск'),
(1049, 1, 'Лазаревское'),
(1050, 1, 'Ленинградская'),
(1051, 1, 'Майкоп (Краснодарский кра'),
(1052, 1, 'Мостовской'),
(1053, 1, 'Новокубанск'),
(1054, 1, 'Новороссийск'),
(1055, 1, 'Отрадная'),
(1056, 1, 'Павловская'),
(1057, 1, 'Приморско-Ахтарск'),
(1058, 1, 'Северская'),
(1059, 1, 'Славянск-на-Кубани'),
(1060, 1, 'Сочи'),
(1061, 1, 'Староминская'),
(1062, 1, 'Старощербиновская'),
(1063, 1, 'Тбилисская'),
(1064, 1, 'Темрюк'),
(1065, 1, 'Тимашевск'),
(1066, 1, 'Тихорецк'),
(1067, 1, 'Туапсе'),
(1068, 1, 'Тульский'),
(1069, 1, 'Усть-Лабинск'),
(1070, 1, 'Хадыженск'),
(1071, 1, 'Хоста'),
(1072, 1, 'Шовгеновский'),
(1073, 1, 'Абаза'),
(1074, 1, 'Абакан'),
(1075, 1, 'Агинское'),
(1076, 1, 'Артемовск'),
(1077, 1, 'Аскиз'),
(1078, 1, 'Ачинск'),
(1079, 1, 'Байкит'),
(1080, 1, 'Балахта'),
(1081, 1, 'Балыкса'),
(1082, 1, 'Белый Яр'),
(1083, 1, 'Бея'),
(1084, 1, 'Бискамжа'),
(1085, 1, 'Боготол'),
(1086, 1, 'Боград'),
(1087, 1, 'Богучаны'),
(1088, 1, 'Большая Мурта'),
(1089, 1, 'Большой Улуй'),
(1090, 1, 'Бородино (Красноярский кр'),
(1091, 1, 'Ванавара'),
(1092, 1, 'Верхнеимбатск'),
(1093, 1, 'Горячегорск'),
(1094, 1, 'Дзержинское'),
(1095, 1, 'Дивногорск'),
(1096, 1, 'Диксон'),
(1097, 1, 'Дудинка'),
(1098, 1, 'Емельяново'),
(1099, 1, 'Енисейск'),
(1100, 1, 'Ермаковское'),
(1101, 1, 'Железногорск'),
(1102, 1, 'Заозерный'),
(1103, 1, 'Зеленогорск (Красноярский'),
(1104, 1, 'Игарка'),
(1105, 1, 'Идринское'),
(1106, 1, 'Иланский'),
(1107, 1, 'Ирбейское'),
(1108, 1, 'Казачинское  (Красноярски'),
(1109, 1, 'Канск'),
(1110, 1, 'Каратузское'),
(1111, 1, 'Караул'),
(1112, 1, 'Кодинск'),
(1113, 1, 'Козулька'),
(1114, 1, 'Копьево'),
(1115, 1, 'Краснотуранск'),
(1116, 1, 'Красноярск'),
(1117, 1, 'Курагино'),
(1118, 1, 'Лесосибирск'),
(1119, 1, 'Минусинск'),
(1120, 1, 'Мотыгино'),
(1121, 1, 'Назарово'),
(1122, 1, 'Нижний Ингаш'),
(1123, 1, 'Новоселово'),
(1124, 1, 'Норильск'),
(1125, 1, 'Партизанское'),
(1126, 1, 'Пировское'),
(1127, 1, 'Северо-Енисейский'),
(1128, 1, 'Сосновоборск (Красноярски'),
(1129, 1, 'Тасеево'),
(1130, 1, 'Таштып'),
(1131, 1, 'Тура'),
(1132, 1, 'Туруханск'),
(1133, 1, 'Тюхтет'),
(1134, 1, 'Ужур'),
(1135, 1, 'Уяр'),
(1136, 1, 'Хатанга'),
(1137, 1, 'Черемушки'),
(1138, 1, 'Черногорск'),
(1139, 1, 'Шалинское'),
(1140, 1, 'Шарыпово  (Красноярский к'),
(1141, 1, 'Шира'),
(1142, 1, 'Шушенское'),
(1143, 1, 'Варгаши'),
(1144, 1, 'Глядянское'),
(1145, 1, 'Далматово'),
(1146, 1, 'Каргаполье'),
(1147, 1, 'Катайск'),
(1148, 1, 'Кетово'),
(1149, 1, 'Курган'),
(1150, 1, 'Куртамыш'),
(1151, 1, 'Лебяжье'),
(1152, 1, 'Макушино'),
(1153, 1, 'Мишкино'),
(1154, 1, 'Мокроусово'),
(1155, 1, 'Петухово'),
(1156, 1, 'Половинное'),
(1157, 1, 'Сафакулево'),
(1158, 1, 'Целинное'),
(1159, 1, 'Шадринск'),
(1160, 1, 'Шатрово'),
(1161, 1, 'Шумиха'),
(1162, 1, 'Щучье'),
(1163, 1, 'Юргамыш'),
(1164, 1, 'Альменево'),
(1165, 1, 'Белая'),
(1166, 1, 'Большое Солдатское'),
(1167, 1, 'Глушково'),
(1168, 1, 'Горшечное'),
(1169, 1, 'Дмитриев-Льговский'),
(1170, 1, 'Железногорск'),
(1171, 1, 'Золотухино'),
(1172, 1, 'Касторное'),
(1173, 1, 'Конышевка'),
(1174, 1, 'Коренево'),
(1175, 1, 'Курск'),
(1176, 1, 'Курчатов'),
(1177, 1, 'Кшенский'),
(1178, 1, 'Льгов'),
(1179, 1, 'Мантурово'),
(1180, 1, 'Медвенка'),
(1181, 1, 'Обоянь'),
(1182, 1, 'Поныри'),
(1183, 1, 'Пристень'),
(1184, 1, 'Прямицыно'),
(1185, 1, 'Рыльск'),
(1186, 1, 'Суджа'),
(1187, 1, 'Тим'),
(1188, 1, 'Фатеж'),
(1189, 1, 'Хомутовка'),
(1190, 1, 'Черемисиново'),
(1191, 1, 'Щигры'),
(1192, 1, 'Грязи'),
(1193, 1, 'Данков'),
(1194, 1, 'Доброе'),
(1195, 1, 'Долгоруково'),
(1196, 1, 'Елец'),
(1197, 1, 'Задонск'),
(1198, 1, 'Измалково'),
(1199, 1, 'Казинка'),
(1200, 1, 'Лебедянь'),
(1201, 1, 'Лев Толстой'),
(1202, 1, 'Липецк'),
(1203, 1, 'Тербуны'),
(1204, 1, 'Усмань'),
(1205, 1, 'Хлевное'),
(1206, 1, 'Чаплыгин'),
(1207, 1, 'Анадырь (Магаданская обл.'),
(1208, 1, 'Атка'),
(1209, 1, 'Беринговский'),
(1210, 1, 'Билибино'),
(1211, 1, 'Большевик'),
(1212, 1, 'Ванкарем'),
(1213, 1, 'Кадыкчан'),
(1214, 1, 'Лаврентия'),
(1215, 1, 'Магадан'),
(1216, 1, 'Мыс Шмидта'),
(1217, 1, 'Ола'),
(1218, 1, 'Омсукчан'),
(1219, 1, 'Палатка'),
(1220, 1, 'Певек'),
(1221, 1, 'Провидения'),
(1222, 1, 'Сеймчан'),
(1223, 1, 'Синегорье'),
(1224, 1, 'Сусуман'),
(1225, 1, 'Усть-Омчуг'),
(1226, 1, 'Эвенск'),
(1227, 1, 'Эгвекинот'),
(1228, 1, 'Ягодное'),
(1229, 1, 'Волжск'),
(1230, 1, 'Дубовский'),
(1231, 1, 'Звенигово'),
(1232, 1, 'Йошкар-Ола'),
(1233, 1, 'Килемары'),
(1234, 1, 'Козьмодемьянск'),
(1235, 1, 'Куженер'),
(1236, 1, 'Мари-Турек'),
(1237, 1, 'Медведево'),
(1238, 1, 'Морки'),
(1239, 1, 'Новый Торьял'),
(1240, 1, 'Оршанка'),
(1241, 1, 'Параньга'),
(1242, 1, 'Сернур'),
(1243, 1, 'Советский (Марий Эл)'),
(1244, 1, 'Юрино'),
(1245, 1, 'Ардатов'),
(1246, 1, 'Атюрьево'),
(1247, 1, 'Атяшево'),
(1248, 1, 'Большие Березники'),
(1249, 1, 'Большое Игнатово'),
(1250, 1, 'Выша'),
(1251, 1, 'Ельники'),
(1252, 1, 'Зубова Поляна'),
(1253, 1, 'Инсар'),
(1254, 1, 'Кадошкино'),
(1255, 1, 'Кемля'),
(1256, 1, 'Ковылкино'),
(1257, 1, 'Комсомольский (Мордовия)'),
(1258, 1, 'Кочкурово'),
(1259, 1, 'Краснослободск'),
(1260, 1, 'Лямбирь'),
(1261, 1, 'Ромоданово'),
(1262, 1, 'Рузаевка'),
(1263, 1, 'Саранск'),
(1264, 1, 'Старое Шайгово'),
(1265, 1, 'Темников'),
(1266, 1, 'Теньгушево'),
(1267, 1, 'Торбеево'),
(1268, 1, 'Чамзинка'),
(1269, 1, 'Апатиты'),
(1270, 1, 'Африканда'),
(1271, 1, 'Верхнетуломский'),
(1272, 1, 'Видяево'),
(1273, 1, 'Гаджиево'),
(1274, 1, 'Заозерск'),
(1275, 1, 'Заполярный'),
(1276, 1, 'Зареченск'),
(1277, 1, 'Зашеек'),
(1278, 1, 'Зеленоборский'),
(1279, 1, 'Кандалакша'),
(1280, 1, 'Кильдинстрой'),
(1281, 1, 'Кировск'),
(1282, 1, 'Ковдор'),
(1283, 1, 'Кола'),
(1284, 1, 'Конда'),
(1285, 1, 'Ловозеро'),
(1286, 1, 'Мончегорск'),
(1287, 1, 'Мурманск'),
(1288, 1, 'Мурмаши'),
(1289, 1, 'Никель'),
(1290, 1, 'Оленегорск'),
(1291, 1, 'Полярные Зори'),
(1292, 1, 'Полярный'),
(1293, 1, 'Ревда (Мурманская обл.)'),
(1294, 1, 'Североморск'),
(1295, 1, 'Снежногорск'),
(1296, 1, 'Умба'),
(1297, 1, 'Ардатов'),
(1298, 1, 'Арзамас'),
(1299, 1, 'Арья'),
(1300, 1, 'Балахна'),
(1301, 1, 'Богородск'),
(1302, 1, 'Большереченск'),
(1303, 1, 'Большое Болдино'),
(1304, 1, 'Большое Козино'),
(1305, 1, 'Большое Мурашкино'),
(1306, 1, 'Большое Пикино'),
(1307, 1, 'Бор'),
(1308, 1, 'Бутурлино'),
(1309, 1, 'Вад'),
(1310, 1, 'Варнавино'),
(1311, 1, 'Васильсурск'),
(1312, 1, 'Вахтан'),
(1313, 1, 'Вача'),
(1314, 1, 'Ветлуга'),
(1315, 1, 'Виля'),
(1316, 1, 'Вознесенское'),
(1317, 1, 'Володарск'),
(1318, 1, 'Воротынец'),
(1319, 1, 'Ворсма'),
(1320, 1, 'Воскресенское'),
(1321, 1, 'Выездное'),
(1322, 1, 'Выкса'),
(1323, 1, 'Гагино'),
(1324, 1, 'Гидроторф'),
(1325, 1, 'Горбатов'),
(1326, 1, 'Горбатовка'),
(1327, 1, 'Городец'),
(1328, 1, 'Дальнее Константиново'),
(1329, 1, 'Дзержинск'),
(1330, 1, 'Дивеево'),
(1331, 1, 'Досчатое'),
(1332, 1, 'Заволжье'),
(1333, 1, 'Керженец'),
(1334, 1, 'Княгинино'),
(1335, 1, 'Ковернино'),
(1336, 1, 'Красные Баки'),
(1337, 1, 'Кстово'),
(1338, 1, 'Кулебаки'),
(1339, 1, 'Лукоянов'),
(1340, 1, 'Лысково'),
(1341, 1, 'Навашино'),
(1342, 1, 'Нижний Новгород'),
(1343, 1, 'Новосмолинский'),
(1344, 1, 'Павлово'),
(1345, 1, 'Первомайск'),
(1346, 1, 'Перевоз'),
(1347, 1, 'Пильна'),
(1348, 1, 'Починки'),
(1349, 1, 'Саров (Нижегородская обл.'),
(1350, 1, 'Семенов'),
(1351, 1, 'Сергач'),
(1352, 1, 'Сеченово'),
(1353, 1, 'Сосновское'),
(1354, 1, 'Спасское'),
(1355, 1, 'Тонкино'),
(1356, 1, 'Тоншаево'),
(1357, 1, 'Уразовка'),
(1358, 1, 'Урень'),
(1359, 1, 'Чкаловск'),
(1360, 1, 'Шаранга'),
(1361, 1, 'Шатки'),
(1362, 1, 'Шахунья'),
(1363, 1, 'Анциферово'),
(1364, 1, 'Батецкий'),
(1365, 1, 'Большая Вишера'),
(1366, 1, 'Боровичи'),
(1367, 1, 'Валдай'),
(1368, 1, 'Великий Новгород (Новгоро'),
(1369, 1, 'Волот'),
(1370, 1, 'Деманск'),
(1371, 1, 'Зарубино'),
(1372, 1, 'Крестцы'),
(1373, 1, 'Любытино'),
(1374, 1, 'Малая Вишера'),
(1375, 1, 'Марево'),
(1376, 1, 'Мошенское'),
(1377, 1, 'Окуловка'),
(1378, 1, 'Парфино'),
(1379, 1, 'Пестово'),
(1380, 1, 'Поддорье'),
(1381, 1, 'Сольцы'),
(1382, 1, 'Старая Русса'),
(1383, 1, 'Хвойная'),
(1384, 1, 'Холм'),
(1385, 1, 'Чудово'),
(1386, 1, 'Шимск'),
(1387, 1, 'Баган'),
(1388, 1, 'Барабинск'),
(1389, 1, 'Бердск'),
(1390, 1, 'Биаза'),
(1391, 1, 'Болотное'),
(1392, 1, 'Венгерово'),
(1393, 1, 'Довольное'),
(1394, 1, 'Завьялово'),
(1395, 1, 'Искитим'),
(1396, 1, 'Карасук'),
(1397, 1, 'Каргат'),
(1398, 1, 'Колывань'),
(1399, 1, 'Краснозерское'),
(1400, 1, 'Крутиха'),
(1401, 1, 'Куйбышев (Новосибирская о'),
(1402, 1, 'Купино'),
(1403, 1, 'Кыштовка'),
(1404, 1, 'Маслянино'),
(1405, 1, 'Мошково'),
(1406, 1, 'Новосибирск'),
(1407, 1, 'Норильск'),
(1408, 1, 'Обь'),
(1409, 1, 'Ордынское'),
(1410, 1, 'Северное'),
(1411, 1, 'Сузун'),
(1412, 1, 'Татарск'),
(1413, 1, 'Тогучин'),
(1414, 1, 'Убинское'),
(1415, 1, 'Усть-Тарка'),
(1416, 1, 'Чаны'),
(1417, 1, 'Черепаново'),
(1418, 1, 'Чистоозерное'),
(1419, 1, 'Чулым'),
(1420, 1, 'Береговой'),
(1421, 1, 'Большеречье'),
(1422, 1, 'Большие Уки'),
(1423, 1, 'Горьковское'),
(1424, 1, 'Знаменское (Омская обл.)'),
(1425, 1, 'Исилькуль'),
(1426, 1, 'Калачинск'),
(1427, 1, 'Колосовка'),
(1428, 1, 'Кормиловка'),
(1429, 1, 'Крутинка'),
(1430, 1, 'Любинский'),
(1431, 1, 'Марьяновка'),
(1432, 1, 'Муромцево'),
(1433, 1, 'Называевск'),
(1434, 1, 'Нижняя Омка'),
(1435, 1, 'Нововаршавка'),
(1436, 1, 'Одесское'),
(1437, 1, 'Оконешниково'),
(1438, 1, 'Омск'),
(1439, 1, 'Павлоградка'),
(1440, 1, 'Полтавка'),
(1441, 1, 'Русская Поляна'),
(1442, 1, 'Саргатское'),
(1443, 1, 'Седельниково'),
(1444, 1, 'Таврическое'),
(1445, 1, 'Тара'),
(1446, 1, 'Тевриз'),
(1447, 1, 'Тюкалинск'),
(1448, 1, 'Усть-Ишим'),
(1449, 1, 'Черлак'),
(1450, 1, 'Шербакуль'),
(1451, 1, 'Абдулино'),
(1452, 1, 'Адамовка'),
(1453, 1, 'Айдырлинский'),
(1454, 1, 'Акбулак'),
(1455, 1, 'Аккермановка'),
(1456, 1, 'Асекеево'),
(1457, 1, 'Беляевка'),
(1458, 1, 'Бугуруслан'),
(1459, 1, 'Бузулук'),
(1460, 1, 'Гай'),
(1461, 1, 'Грачевка'),
(1462, 1, 'Домбаровский'),
(1463, 1, 'Дубенский'),
(1464, 1, 'Илек'),
(1465, 1, 'Ириклинский'),
(1466, 1, 'Кувандык'),
(1467, 1, 'Курманаевка'),
(1468, 1, 'Матвеевка'),
(1469, 1, 'Медногорск'),
(1470, 1, 'Новоорск'),
(1471, 1, 'Новосергиевка'),
(1472, 1, 'Новотроицк'),
(1473, 1, 'Октябрьское (Оренбург.)'),
(1474, 1, 'Оренбург'),
(1475, 1, 'Орск'),
(1476, 1, 'Первомайский (Оренбург.)'),
(1477, 1, 'Переволоцкий'),
(1478, 1, 'Пономаревка'),
(1479, 1, 'Саракташ'),
(1480, 1, 'Светлый (Оренбургская обл'),
(1481, 1, 'Северное'),
(1482, 1, 'Соль-Илецк'),
(1483, 1, 'Сорочинск'),
(1484, 1, 'Ташла'),
(1485, 1, 'Тоцкое'),
(1486, 1, 'Тюльган'),
(1487, 1, 'Шарлык'),
(1488, 1, 'Энергетик'),
(1489, 1, 'Ясный'),
(1490, 1, 'Болхов'),
(1491, 1, 'Верховье'),
(1492, 1, 'Глазуновка'),
(1493, 1, 'Дмитровск-Орловский'),
(1494, 1, 'Долгое'),
(1495, 1, 'Залегощь'),
(1496, 1, 'Змиевка'),
(1497, 1, 'Знаменское (Орловская обл'),
(1498, 1, 'Колпны'),
(1499, 1, 'Красная Заря'),
(1500, 1, 'Кромы'),
(1501, 1, 'Ливны'),
(1502, 1, 'Малоархангельск'),
(1503, 1, 'Мценск'),
(1504, 1, 'Нарышкино'),
(1505, 1, 'Новосиль'),
(1506, 1, 'Орел'),
(1507, 1, 'Покровское'),
(1508, 1, 'Сосково'),
(1509, 1, 'Тросна'),
(1510, 1, 'Хомутово'),
(1511, 1, 'Хотынец'),
(1512, 1, 'Шаблыкино'),
(1513, 1, 'Башмаково'),
(1514, 1, 'Беднодемьяновск'),
(1515, 1, 'Беково'),
(1516, 1, 'Белинский'),
(1517, 1, 'Бессоновка'),
(1518, 1, 'Вадинск'),
(1519, 1, 'Верхозим'),
(1520, 1, 'Городище (Пензенская обл.'),
(1521, 1, 'Евлашево'),
(1522, 1, 'Заречный (Пензенская обл.'),
(1523, 1, 'Земетчино'),
(1524, 1, 'Золотаревка'),
(1525, 1, 'Исса'),
(1526, 1, 'Каменка'),
(1527, 1, 'Колышлей'),
(1528, 1, 'Кондоль'),
(1529, 1, 'Кузнецк'),
(1530, 1, 'Лопатино'),
(1531, 1, 'Малая Сердоба'),
(1532, 1, 'Мокшан'),
(1533, 1, 'Наровчат'),
(1534, 1, 'Неверкино'),
(1535, 1, 'Нижний Ломов'),
(1536, 1, 'Никольск (Пензенская обл.'),
(1537, 1, 'Пачелма'),
(1538, 1, 'Пенза'),
(1539, 1, 'Русский Камешкир'),
(1540, 1, 'Сердобск'),
(1541, 1, 'Сосновоборск'),
(1542, 1, 'Сура'),
(1543, 1, 'Тамала'),
(1544, 1, 'Шемышейка'),
(1545, 1, 'Александровск'),
(1546, 1, 'Барда'),
(1547, 1, 'Березники'),
(1548, 1, 'Большая Соснова'),
(1549, 1, 'Верещагино'),
(1550, 1, 'Гайны'),
(1551, 1, 'Горнозаводск (Пермский кр'),
(1552, 1, 'Гремячинск'),
(1553, 1, 'Губаха'),
(1554, 1, 'Добрянка'),
(1555, 1, 'Елово'),
(1556, 1, 'Зюкайка'),
(1557, 1, 'Ильинский (Пермская обл.)'),
(1558, 1, 'Карагай'),
(1559, 1, 'Керчевский'),
(1560, 1, 'Кизел'),
(1561, 1, 'Коса'),
(1562, 1, 'Кочево'),
(1563, 1, 'Красновишерск'),
(1564, 1, 'Краснокамск'),
(1565, 1, 'Кудымкар'),
(1566, 1, 'Куеда'),
(1567, 1, 'Кунгур'),
(1568, 1, 'Лысьва'),
(1569, 1, 'Ныроб'),
(1570, 1, 'Нытва'),
(1571, 1, 'Октябрьский'),
(1572, 1, 'Орда'),
(1573, 1, 'Оса'),
(1574, 1, 'Оханск'),
(1575, 1, 'Очер'),
(1576, 1, 'Пермь'),
(1577, 1, 'Соликамск'),
(1578, 1, 'Суксун'),
(1579, 1, 'Уинское'),
(1580, 1, 'Усолье'),
(1581, 1, 'Усть-Кишерть'),
(1582, 1, 'Чайковский'),
(1583, 1, 'Частые'),
(1584, 1, 'Чердынь'),
(1585, 1, 'Чернореченский'),
(1586, 1, 'Чернушка'),
(1587, 1, 'Чусовой'),
(1588, 1, 'Юрла'),
(1589, 1, 'Юсьва'),
(1590, 1, 'Анучино'),
(1591, 1, 'Арсеньев'),
(1592, 1, 'Артем'),
(1593, 1, 'Артемовский (Приморский к'),
(1594, 1, 'Большой Камень'),
(1595, 1, 'Валентин'),
(1596, 1, 'Владивосток'),
(1597, 1, 'Высокогорск'),
(1598, 1, 'Горные Ключи'),
(1599, 1, 'Горный'),
(1600, 1, 'Дальнегорск'),
(1601, 1, 'Дальнереченск'),
(1602, 1, 'Зарубино'),
(1603, 1, 'Кавалерово'),
(1604, 1, 'Каменка (Приморский край)'),
(1605, 1, 'Камень-Рыболов'),
(1606, 1, 'Кировский'),
(1607, 1, 'Лазо'),
(1608, 1, 'Лесозаводск'),
(1609, 1, 'Лучегорск'),
(1610, 1, 'Михайловка (Приморский кр'),
(1611, 1, 'Находка (Приморский край)'),
(1612, 1, 'Новопокровка'),
(1613, 1, 'Ольга'),
(1614, 1, 'Партизанск'),
(1615, 1, 'Пластун'),
(1616, 1, 'Пограничный'),
(1617, 1, 'Покровка'),
(1618, 1, 'Посьет'),
(1619, 1, 'Русский'),
(1620, 1, 'Славянка'),
(1621, 1, 'Спасск-Дальний'),
(1622, 1, 'Терней'),
(1623, 1, 'Уссурийск');
INSERT INTO `vii_city` (`id`, `id_country`, `name`) VALUES
(1624, 1, 'Фокино'),
(1625, 1, 'Хасан'),
(1626, 1, 'Хороль'),
(1627, 1, 'Черниговка'),
(1628, 1, 'Чугуевка'),
(1629, 1, 'Яковлевка'),
(1630, 1, 'Ярославский'),
(1631, 1, 'Бежаницы'),
(1632, 1, 'Великие Луки'),
(1633, 1, 'Гдов'),
(1634, 1, 'Дедовичи'),
(1635, 1, 'Дно'),
(1636, 1, 'Заплюсье'),
(1637, 1, 'Идрица'),
(1638, 1, 'Красногородское'),
(1639, 1, 'Кунья'),
(1640, 1, 'Локня'),
(1641, 1, 'Невель'),
(1642, 1, 'Новоржев'),
(1643, 1, 'Новосокольники'),
(1644, 1, 'Опочка'),
(1645, 1, 'Остров'),
(1646, 1, 'Палкино'),
(1647, 1, 'Печоры'),
(1648, 1, 'Плюсса'),
(1649, 1, 'Порхов'),
(1650, 1, 'Псков'),
(1651, 1, 'Пустошка'),
(1652, 1, 'Пушкинские Горы'),
(1653, 1, 'Пыталово'),
(1654, 1, 'Себеж'),
(1655, 1, 'Струги-Красные'),
(1656, 1, 'Усвяты'),
(1657, 1, 'Азов'),
(1658, 1, 'Аксай (Ростовская обл.)'),
(1659, 1, 'Алмазный'),
(1660, 1, 'Аютинск'),
(1661, 1, 'Багаевский'),
(1662, 1, 'Батайск'),
(1663, 1, 'Белая Калитва'),
(1664, 1, 'Боковская'),
(1665, 1, 'Большая Мартыновка'),
(1666, 1, 'Вешенская'),
(1667, 1, 'Волгодонск'),
(1668, 1, 'Восход'),
(1669, 1, 'Гигант'),
(1670, 1, 'Горняцкий'),
(1671, 1, 'Гуково'),
(1672, 1, 'Донецк'),
(1673, 1, 'Донской (Ростовская обл.)'),
(1674, 1, 'Дубовское'),
(1675, 1, 'Егорлыкская'),
(1676, 1, 'Жирнов'),
(1677, 1, 'Заветное'),
(1678, 1, 'Заводской'),
(1679, 1, 'Зверево'),
(1680, 1, 'Зерноград'),
(1681, 1, 'Зимовники'),
(1682, 1, 'Кагальницкая'),
(1683, 1, 'Казанская'),
(1684, 1, 'Каменоломни'),
(1685, 1, 'Каменск-Шахтинский'),
(1686, 1, 'Кашары'),
(1687, 1, 'Коксовый'),
(1688, 1, 'Константиновск'),
(1689, 1, 'Красный Сулин'),
(1690, 1, 'Куйбышево'),
(1691, 1, 'Матвеев Курган'),
(1692, 1, 'Мигулинская'),
(1693, 1, 'Миллерово'),
(1694, 1, 'Милютинская'),
(1695, 1, 'Морозовск'),
(1696, 1, 'Новочеркасск'),
(1697, 1, 'Новошахтинск'),
(1698, 1, 'Обливская'),
(1699, 1, 'Орловский'),
(1700, 1, 'Песчанокопское'),
(1701, 1, 'Покровское'),
(1702, 1, 'Пролетарск'),
(1703, 1, 'Ремонтное'),
(1704, 1, 'Родионово-Несветайская'),
(1705, 1, 'Ростов-на-Дону'),
(1706, 1, 'Сальск'),
(1707, 1, 'Семикаракорск'),
(1708, 1, 'Таганрог'),
(1709, 1, 'Тарасовский'),
(1710, 1, 'Тацинский'),
(1711, 1, 'Усть-Донецкий'),
(1712, 1, 'Целина'),
(1713, 1, 'Цимлянск'),
(1714, 1, 'Чалтырь'),
(1715, 1, 'Чертково'),
(1716, 1, 'Шахты'),
(1717, 1, 'Шолоховский'),
(1718, 1, 'Александро-Невский'),
(1719, 1, 'Горняк'),
(1720, 1, 'Гусь Железный'),
(1721, 1, 'Елатьма'),
(1722, 1, 'Ермишь'),
(1723, 1, 'Заречный (Рязанская обл.)'),
(1724, 1, 'Захарово'),
(1725, 1, 'Кадом'),
(1726, 1, 'Касимов'),
(1727, 1, 'Кораблино'),
(1728, 1, 'Милославское'),
(1729, 1, 'Михайлов'),
(1730, 1, 'Новомичуринск'),
(1731, 1, 'Пителино'),
(1732, 1, 'Пронск'),
(1733, 1, 'Путятино'),
(1734, 1, 'Рыбное'),
(1735, 1, 'Ряжск'),
(1736, 1, 'Рязань'),
(1737, 1, 'Сапожок'),
(1738, 1, 'Сараи'),
(1739, 1, 'Сасово'),
(1740, 1, 'Скопин'),
(1741, 1, 'Спас-Клепики'),
(1742, 1, 'Спасск-Рязанский'),
(1743, 1, 'Старожилово'),
(1744, 1, 'Ухолово'),
(1745, 1, 'Чучково'),
(1746, 1, 'Шацк'),
(1747, 1, 'Шилово'),
(1748, 1, 'Алексеевка (Самарская обл'),
(1749, 1, 'Безенчук'),
(1750, 1, 'Богатое'),
(1751, 1, 'Богатырь'),
(1752, 1, 'Большая Глушица'),
(1753, 1, 'Большая Глущица (Самарск.'),
(1754, 1, 'Большая Черниговка'),
(1755, 1, 'Борское'),
(1756, 1, 'Волжский (Самарская обл.)'),
(1757, 1, 'Жигулевск'),
(1758, 1, 'Зольное'),
(1759, 1, 'Исаклы'),
(1760, 1, 'Камышла'),
(1761, 1, 'Кинель'),
(1762, 1, 'Кинель-Черкасы'),
(1763, 1, 'Клявлино'),
(1764, 1, 'Кошки'),
(1765, 1, 'Красноармейское (Самарск.'),
(1766, 1, 'Красный Яр (Самарская обл'),
(1767, 1, 'Куйбышев'),
(1768, 1, 'Нефтегорск'),
(1769, 1, 'Новокуйбышевск'),
(1770, 1, 'Октябрьск'),
(1771, 1, 'Отрадный'),
(1772, 1, 'Пестравка'),
(1773, 1, 'Похвистнево'),
(1774, 1, 'Приволжье'),
(1775, 1, 'Самара'),
(1776, 1, 'Сергиевск'),
(1777, 1, 'Сургут (Самарская обл.)'),
(1778, 1, 'Сызрань'),
(1779, 1, 'Тольятти'),
(1780, 1, 'Хворостянка'),
(1781, 1, 'Чапаевск'),
(1782, 1, 'Челно-Вершины'),
(1783, 1, 'Шентала'),
(1784, 1, 'Шигоны'),
(1785, 1, 'Александров Гай'),
(1786, 1, 'Аркадак'),
(1787, 1, 'Аткарск'),
(1788, 1, 'Базарный Карабулак'),
(1789, 1, 'Балаково'),
(1790, 1, 'Балашов'),
(1791, 1, 'Балтай'),
(1792, 1, 'Возрождение'),
(1793, 1, 'Вольск'),
(1794, 1, 'Воскресенское (Саратовск.'),
(1795, 1, 'Горный'),
(1796, 1, 'Дергачи'),
(1797, 1, 'Духовницкое'),
(1798, 1, 'Екатериновка'),
(1799, 1, 'Ершов'),
(1800, 1, 'Ивантеевка (Саратовская о'),
(1801, 1, 'Калининск'),
(1802, 1, 'Каменский'),
(1803, 1, 'Красноармейск (Саратовск.'),
(1804, 1, 'Красный Кут'),
(1805, 1, 'Лысые Горы'),
(1806, 1, 'Маркс'),
(1807, 1, 'Мокроус'),
(1808, 1, 'Новоузенск'),
(1809, 1, 'Новые Бурасы'),
(1810, 1, 'Озинки'),
(1811, 1, 'Перелюб'),
(1812, 1, 'Петровск'),
(1813, 1, 'Питерка'),
(1814, 1, 'Пугачев'),
(1815, 1, 'Ровное'),
(1816, 1, 'Романовка'),
(1817, 1, 'Ртищево'),
(1818, 1, 'Самойловка'),
(1819, 1, 'Саратов'),
(1820, 1, 'Степное (Саратовская обл.'),
(1821, 1, 'Татищево'),
(1822, 1, 'Турки'),
(1823, 1, 'Хвалынск'),
(1824, 1, 'Энгельс'),
(1825, 1, 'Абый'),
(1826, 1, 'Айхал'),
(1827, 1, 'Алдан'),
(1828, 1, 'Амга'),
(1829, 1, 'Батагай'),
(1830, 1, 'Бердигестях'),
(1831, 1, 'Беркакит'),
(1832, 1, 'Бестях'),
(1833, 1, 'Борогонцы'),
(1834, 1, 'Верхневилюйск'),
(1835, 1, 'Верхоянск'),
(1836, 1, 'Вилюйск'),
(1837, 1, 'Витим'),
(1838, 1, 'Власово'),
(1839, 1, 'Депутатский'),
(1840, 1, 'Жиганск'),
(1841, 1, 'Зырянка'),
(1842, 1, 'Кангалассы'),
(1843, 1, 'Ленск'),
(1844, 1, 'Майя'),
(1845, 1, 'Мирный (Саха)'),
(1846, 1, 'Нерюнгри'),
(1847, 1, 'Нижний Куранах'),
(1848, 1, 'Нюрба'),
(1849, 1, 'Олекминск'),
(1850, 1, 'Покровск'),
(1851, 1, 'Сангар'),
(1852, 1, 'Саскылах'),
(1853, 1, 'Солнечный'),
(1854, 1, 'Среднеколымск'),
(1855, 1, 'Сунтар'),
(1856, 1, 'Тикси'),
(1857, 1, 'Удачный'),
(1858, 1, 'Усть-Мая'),
(1859, 1, 'Усть-Нера'),
(1860, 1, 'Хандыга'),
(1861, 1, 'Хонуу'),
(1862, 1, 'Чернышевский'),
(1863, 1, 'Черский'),
(1864, 1, 'Чокурдах'),
(1865, 1, 'Чульман'),
(1866, 1, 'Чурапча'),
(1867, 1, 'Якутск'),
(1868, 1, 'Александровск-Сахалинский'),
(1869, 1, 'Анбэцу'),
(1870, 1, 'Анива'),
(1871, 1, 'Бошняково'),
(1872, 1, 'Быков'),
(1873, 1, 'Вахрушев'),
(1874, 1, 'Взморье'),
(1875, 1, 'Гастелло'),
(1876, 1, 'Горнозаводск (Сахалин)'),
(1877, 1, 'Долинск'),
(1878, 1, 'Ильинский (Сахалин)'),
(1879, 1, 'Катангли'),
(1880, 1, 'Корсаков'),
(1881, 1, 'Курильск'),
(1882, 1, 'Макаров'),
(1883, 1, 'Невельск'),
(1884, 1, 'Ноглики'),
(1885, 1, 'Оха'),
(1886, 1, 'Поронайск'),
(1887, 1, 'Северо-Курильск'),
(1888, 1, 'Смирных'),
(1889, 1, 'Томари'),
(1890, 1, 'Тымовское'),
(1891, 1, 'Углегорск'),
(1892, 1, 'Холмск'),
(1893, 1, 'Шахтерск'),
(1894, 1, 'Южно-Курильск'),
(1895, 1, 'Южно-Сахалинск'),
(1896, 1, 'Алапаевск'),
(1897, 1, 'Алтынай'),
(1898, 1, 'Арамиль'),
(1899, 1, 'Артемовский (Свердловская'),
(1900, 1, 'Арти'),
(1901, 1, 'Асбест'),
(1902, 1, 'Ачит'),
(1903, 1, 'Байкалово'),
(1904, 1, 'Басьяновский'),
(1905, 1, 'Белоярский (Свердловская '),
(1906, 1, 'Березовский (Свердловская'),
(1907, 1, 'Бисерть'),
(1908, 1, 'Богданович'),
(1909, 1, 'Буланаш'),
(1910, 1, 'Верхний Тагил'),
(1911, 1, 'Верхняя Пышма'),
(1912, 1, 'Верхняя Салда'),
(1913, 1, 'Верхняя Синячиха'),
(1914, 1, 'Верхняя Сысерть'),
(1915, 1, 'Верхняя Тура'),
(1916, 1, 'Верхотурье'),
(1917, 1, 'Висим'),
(1918, 1, 'Волчанск'),
(1919, 1, 'Гари'),
(1920, 1, 'Дегтярск'),
(1921, 1, 'Екатеринбург'),
(1922, 1, 'Ертарский'),
(1923, 1, 'Заводоуспенское'),
(1924, 1, 'Заречный'),
(1925, 1, 'Ивдель'),
(1926, 1, 'Изумруд'),
(1927, 1, 'Ирбит'),
(1928, 1, 'Ис'),
(1929, 1, 'Каменск-Уральский'),
(1930, 1, 'Камышлов'),
(1931, 1, 'Карпинск'),
(1932, 1, 'Качканар'),
(1933, 1, 'Кировград'),
(1934, 1, 'Краснотурьинск'),
(1935, 1, 'Красноуральск'),
(1936, 1, 'Красноуфимск'),
(1937, 1, 'Кушва'),
(1938, 1, 'Лесной'),
(1939, 1, 'Михайловск'),
(1940, 1, 'Невьянск'),
(1941, 1, 'Нижние Серги'),
(1942, 1, 'Нижний Тагил'),
(1943, 1, 'Нижняя Салда'),
(1944, 1, 'Нижняя Тура'),
(1945, 1, 'Новая Ляля'),
(1946, 1, 'Новоуральск'),
(1947, 1, 'Новоуральск (Свердловская'),
(1948, 1, 'Оус'),
(1949, 1, 'Первоуральск'),
(1950, 1, 'Полевской'),
(1951, 1, 'Пышма'),
(1952, 1, 'Ревда (Свердловская обл.)'),
(1953, 1, 'Реж'),
(1954, 1, 'Рефтинск'),
(1955, 1, 'Свердловск'),
(1956, 1, 'Североуральск'),
(1957, 1, 'Серов'),
(1958, 1, 'Сосьва'),
(1959, 1, 'Среднеуральск'),
(1960, 1, 'Сухой Лог'),
(1961, 1, 'Сысерть'),
(1962, 1, 'Таборы'),
(1963, 1, 'Тавда'),
(1964, 1, 'Талица'),
(1965, 1, 'Тугулым'),
(1966, 1, 'Туринск'),
(1967, 1, 'Туринская Слобода'),
(1968, 1, 'Алагир'),
(1969, 1, 'Ардон'),
(1970, 1, 'Беслан'),
(1971, 1, 'Бурон'),
(1972, 1, 'Владикавказ'),
(1973, 1, 'Дигора'),
(1974, 1, 'Моздок'),
(1975, 1, 'Орджоникидзе'),
(1976, 1, 'Чикола'),
(1977, 1, 'Велиж'),
(1978, 1, 'Верхнеднепровский'),
(1979, 1, 'Ворга'),
(1980, 1, 'Вязьма'),
(1981, 1, 'Гагарин'),
(1982, 1, 'Глинка'),
(1983, 1, 'Голынки'),
(1984, 1, 'Демидов'),
(1985, 1, 'Десногорск'),
(1986, 1, 'Дорогобуж'),
(1987, 1, 'Духовщина'),
(1988, 1, 'Ельня'),
(1989, 1, 'Ершичи'),
(1990, 1, 'Издешково'),
(1991, 1, 'Кардымово'),
(1992, 1, 'Красный'),
(1993, 1, 'Монастырщина'),
(1994, 1, 'Новодугино'),
(1995, 1, 'Починок'),
(1996, 1, 'Рославль'),
(1997, 1, 'Рудня'),
(1998, 1, 'Сафоново'),
(1999, 1, 'Смоленск'),
(2000, 1, 'Сычевка'),
(2001, 1, 'Угра'),
(2002, 1, 'Хиславичи'),
(2003, 1, 'Холм-Жирковский'),
(2004, 1, 'Шумячи'),
(2005, 1, 'Ярцево'),
(2006, 1, 'Александровское (Ставропо'),
(2007, 1, 'Арзгир'),
(2008, 1, 'Благодарный'),
(2009, 1, 'Буденновск'),
(2010, 1, 'Георгиевск'),
(2011, 1, 'Дивное (Ставропольский кр'),
(2012, 1, 'Домбай'),
(2013, 1, 'Донское'),
(2014, 1, 'Ессентуки'),
(2015, 1, 'Железноводск(Ставропольск'),
(2016, 1, 'Зеленокумск'),
(2017, 1, 'Изобильный'),
(2018, 1, 'Иноземцево'),
(2019, 1, 'Ипатово'),
(2020, 1, 'Карачаевск'),
(2021, 1, 'Кисловодск'),
(2022, 1, 'Кочубеевское'),
(2023, 1, 'Красногвардейское (Ставро'),
(2024, 1, 'Курсавка'),
(2025, 1, 'Левокумское'),
(2026, 1, 'Лермонтов'),
(2027, 1, 'Минеральные Воды'),
(2028, 1, 'Михайловск'),
(2029, 1, 'Невинномысск'),
(2030, 1, 'Нефтекумск'),
(2031, 1, 'Новоалександровск'),
(2032, 1, 'Новоалександровская'),
(2033, 1, 'Новопавловск'),
(2034, 1, 'Новоселицкое'),
(2035, 1, 'Преградная'),
(2036, 1, 'Пятигорск'),
(2037, 1, 'Светлоград'),
(2038, 1, 'Солнечнодольск'),
(2039, 1, 'Ставрополь'),
(2040, 1, 'Степное (Ставропольский к'),
(2041, 1, 'Теберда'),
(2042, 1, 'Усть-Джегута'),
(2043, 1, 'Хабез'),
(2044, 1, 'Черкесск'),
(2045, 1, 'Бондари'),
(2046, 1, 'Гавриловка Вторая'),
(2047, 1, 'Жердевка'),
(2048, 1, 'Знаменка'),
(2049, 1, 'Инжавино'),
(2050, 1, 'Кирсанов'),
(2051, 1, 'Котовск'),
(2052, 1, 'Мичуринск'),
(2053, 1, 'Мордово'),
(2054, 1, 'Моршанск'),
(2055, 1, 'Мучкапский'),
(2056, 1, 'Первомайский (Тамбовская '),
(2057, 1, 'Петровское'),
(2058, 1, 'Пичаево'),
(2059, 1, 'Рассказово'),
(2060, 1, 'Ржакса'),
(2061, 1, 'Сосновка'),
(2062, 1, 'Староюрьево'),
(2063, 1, 'Тамбов'),
(2064, 1, 'Токаревка'),
(2065, 1, 'Уварово'),
(2066, 1, 'Умет'),
(2067, 1, 'Агрыз'),
(2068, 1, 'Азнакаево'),
(2069, 1, 'Аксубаево'),
(2070, 1, 'Актаныш'),
(2071, 1, 'Актюбинский'),
(2072, 1, 'Алексеевское'),
(2073, 1, 'Альметьевск'),
(2074, 1, 'Апастово'),
(2075, 1, 'Арск'),
(2076, 1, 'Бавлы'),
(2077, 1, 'Базарные Матаки'),
(2078, 1, 'Балтаси'),
(2079, 1, 'Богатые Сабы'),
(2080, 1, 'Брежнев'),
(2081, 1, 'Бугульма'),
(2082, 1, 'Буинск'),
(2083, 1, 'Васильево'),
(2084, 1, 'Верхний Услон'),
(2085, 1, 'Высокая Гора'),
(2086, 1, 'Дербешкинский'),
(2087, 1, 'Елабуга'),
(2088, 1, 'Заинск'),
(2089, 1, 'Зеленодольск'),
(2090, 1, 'Казань'),
(2091, 1, 'Камское Устье'),
(2092, 1, 'Карабаш (Татарстан)'),
(2093, 1, 'Куйбышев (Татарстан)'),
(2094, 1, 'Кукмод'),
(2095, 1, 'Кукмор'),
(2096, 1, 'Лаишево'),
(2097, 1, 'Лениногорск'),
(2098, 1, 'Мамадыш'),
(2099, 1, 'Менделеевск'),
(2100, 1, 'Мензелинск'),
(2101, 1, 'Муслюмово'),
(2102, 1, 'Набережные Челны'),
(2103, 1, 'Нижнекамск'),
(2104, 1, 'Новошешминск'),
(2105, 1, 'Нурлат'),
(2106, 1, 'Пестрецы'),
(2107, 1, 'Рыбная Слобода'),
(2108, 1, 'Сарманово'),
(2109, 1, 'Старое Дрожжаное'),
(2110, 1, 'Тетюши'),
(2111, 1, 'Черемшан'),
(2112, 1, 'Чистополь'),
(2113, 1, 'Андреаполь'),
(2114, 1, 'Бежецк'),
(2115, 1, 'Белый'),
(2116, 1, 'Белый Городок'),
(2117, 1, 'Березайка'),
(2118, 1, 'Бологое'),
(2119, 1, 'Васильевский Мох'),
(2120, 1, 'Весьегонск'),
(2121, 1, 'Выползово'),
(2122, 1, 'Вышний Волочек'),
(2123, 1, 'Жарковский'),
(2124, 1, 'Западная Двина'),
(2125, 1, 'Зубцов'),
(2126, 1, 'Изоплит'),
(2127, 1, 'Калашниково'),
(2128, 1, 'Калинин'),
(2129, 1, 'Калязин'),
(2130, 1, 'Кашин'),
(2131, 1, 'Кесова Гора'),
(2132, 1, 'Кимры'),
(2133, 1, 'Конаково'),
(2134, 1, 'Красный Холм'),
(2135, 1, 'Кувшиново'),
(2136, 1, 'Лесное'),
(2137, 1, 'Лихославль'),
(2138, 1, 'Максатиха'),
(2139, 1, 'Молоково'),
(2140, 1, 'Нелидово'),
(2141, 1, 'Оленино'),
(2142, 1, 'Осташков'),
(2143, 1, 'Пено'),
(2144, 1, 'Рамешки'),
(2145, 1, 'Ржев'),
(2146, 1, 'Сандово'),
(2147, 1, 'Селижарово'),
(2148, 1, 'Сонково'),
(2149, 1, 'Спирово'),
(2150, 1, 'Старица'),
(2151, 1, 'Тверь'),
(2152, 1, 'Торжок'),
(2153, 1, 'Торопец'),
(2154, 1, 'Удомля'),
(2155, 1, 'Фирово'),
(2156, 1, 'Александровское (Томская '),
(2157, 1, 'Асино'),
(2158, 1, 'Бакчар'),
(2159, 1, 'Батурино'),
(2160, 1, 'Белый Яр'),
(2161, 1, 'Зырянское'),
(2162, 1, 'Итатка'),
(2163, 1, 'Каргасок'),
(2164, 1, 'Катайга'),
(2165, 1, 'Кожевниково'),
(2166, 1, 'Колпашево'),
(2167, 1, 'Кривошеино'),
(2168, 1, 'Мельниково'),
(2169, 1, 'Молчаново'),
(2170, 1, 'Парабель'),
(2171, 1, 'Первомайское'),
(2172, 1, 'Подгорное'),
(2173, 1, 'Северск'),
(2174, 1, 'Стрежевой'),
(2175, 1, 'Томск'),
(2176, 1, 'Тымск'),
(2177, 1, 'Ак-Довурак'),
(2178, 1, 'Бай Хаак'),
(2179, 1, 'Кызыл'),
(2180, 1, 'Самагалтай'),
(2181, 1, 'Сарыг-Сеп'),
(2182, 1, 'Суть-Холь'),
(2183, 1, 'Тоора-Хем'),
(2184, 1, 'Туран'),
(2185, 1, 'Тээли'),
(2186, 1, 'Хову-Аксы'),
(2187, 1, 'Чадан'),
(2188, 1, 'Шагонар'),
(2189, 1, 'Эрзин'),
(2190, 1, 'Агеево'),
(2191, 1, 'Алексин'),
(2192, 1, 'Арсеньево'),
(2193, 1, 'Барсуки'),
(2194, 1, 'Белев'),
(2195, 1, 'Богородицк'),
(2196, 1, 'Болохово'),
(2197, 1, 'Велегож'),
(2198, 1, 'Венев'),
(2199, 1, 'Волово'),
(2200, 1, 'Горелки'),
(2201, 1, 'Донской'),
(2202, 1, 'Дубна (Тульская обл.)'),
(2203, 1, 'Епифань'),
(2204, 1, 'Ефремов'),
(2205, 1, 'Заокский'),
(2206, 1, 'Казановка'),
(2207, 1, 'Кимовск'),
(2208, 1, 'Киреевск'),
(2209, 1, 'Куркино'),
(2210, 1, 'Ленинский'),
(2211, 1, 'Лянтор'),
(2212, 1, 'Новомосковск'),
(2213, 1, 'Одоев'),
(2214, 1, 'Плавск'),
(2215, 1, 'Советск (Тульская обл.)'),
(2216, 1, 'Суворов'),
(2217, 1, 'Тула'),
(2218, 1, 'Узловая'),
(2219, 1, 'Щекино'),
(2220, 1, 'Ясногорск'),
(2221, 1, 'Абатский'),
(2222, 1, 'Аган'),
(2223, 1, 'Аксарка'),
(2224, 1, 'Армизонское'),
(2225, 1, 'Аромашево'),
(2226, 1, 'Белоярский (Тюменская обл'),
(2227, 1, 'Бердюжье'),
(2228, 1, 'Березово'),
(2229, 1, 'Большое Сорокино'),
(2230, 1, 'Вагай'),
(2231, 1, 'Викулово'),
(2232, 1, 'Винзили'),
(2233, 1, 'Голышманово'),
(2234, 1, 'Губкинский (Тюменская обл'),
(2235, 1, 'Заводопетровский'),
(2236, 1, 'Заводоуковск'),
(2237, 1, 'Игрим'),
(2238, 1, 'Излучинск'),
(2239, 1, 'Исетское'),
(2240, 1, 'Ишим'),
(2241, 1, 'Казанское'),
(2242, 1, 'Казым-Мыс'),
(2243, 1, 'Когалым (Тюменская обл.)'),
(2244, 1, 'Кондинское'),
(2245, 1, 'Красноселькуп'),
(2246, 1, 'Лабытнанги'),
(2247, 1, 'Лангепас'),
(2248, 1, 'Ларьяк'),
(2249, 1, 'Лянторский'),
(2250, 1, 'Мегион'),
(2251, 1, 'Междуреченский'),
(2252, 1, 'Мужи'),
(2253, 1, 'Муравленко (Тюменская обл'),
(2254, 1, 'Надым (Тюменская обл.)'),
(2255, 1, 'Находка (Тюменская обл.)'),
(2256, 1, 'Нефтеюганск'),
(2257, 1, 'Нижневартовск'),
(2258, 1, 'Нижняя Тавда'),
(2259, 1, 'Новоаганск'),
(2260, 1, 'Новый Уренгой (Тюменская '),
(2261, 1, 'Ноябрьск (Тюменская обл.)'),
(2262, 1, 'Нягань'),
(2263, 1, 'Октябрьское (Тюменская об'),
(2264, 1, 'Омутинский'),
(2265, 1, 'Покачи (Тюменская обл.)'),
(2266, 1, 'Приобье'),
(2267, 1, 'Пыть-Ях'),
(2268, 1, 'Радужный (Ханты-Мансийски'),
(2269, 1, 'Салехард'),
(2270, 1, 'Сладково'),
(2271, 1, 'Советский (Тюменская обл.'),
(2272, 1, 'Сургут'),
(2273, 1, 'Тазовский'),
(2274, 1, 'Тобольск'),
(2275, 1, 'Тюмень'),
(2276, 1, 'Уват'),
(2277, 1, 'Унъюган'),
(2278, 1, 'Упорово'),
(2279, 1, 'Урай'),
(2280, 1, 'Ханты-Мансийск'),
(2281, 1, 'Югорск'),
(2282, 1, 'Юрибей'),
(2283, 1, 'Ялуторовск'),
(2284, 1, 'Яр-Сале'),
(2285, 1, 'Ярково'),
(2286, 1, 'Алнаши'),
(2287, 1, 'Балезино'),
(2288, 1, 'Вавож'),
(2289, 1, 'Воткинск'),
(2290, 1, 'Глазов'),
(2291, 1, 'Грахово'),
(2292, 1, 'Дебесы'),
(2293, 1, 'Завьялово'),
(2294, 1, 'Игра'),
(2295, 1, 'Ижевск'),
(2296, 1, 'Кама'),
(2297, 1, 'Камбарка'),
(2298, 1, 'Каракулино'),
(2299, 1, 'Кез'),
(2300, 1, 'Кизнер'),
(2301, 1, 'Киясово'),
(2302, 1, 'Красногорское (Удмуртия)'),
(2303, 1, 'Можга'),
(2304, 1, 'Сарапул'),
(2305, 1, 'Селты'),
(2306, 1, 'Сюмси'),
(2307, 1, 'Ува'),
(2308, 1, 'Устинов'),
(2309, 1, 'Шаркан'),
(2310, 1, 'Юкаменское'),
(2311, 1, 'Якшур-Бодья'),
(2312, 1, 'Яр'),
(2313, 1, 'Базарный Сызган'),
(2314, 1, 'Барыш'),
(2315, 1, 'Большое Нагаткино'),
(2316, 1, 'Вешкайма'),
(2317, 1, 'Глотовка'),
(2318, 1, 'Димитровград'),
(2319, 1, 'Игнатовка'),
(2320, 1, 'Измайлово'),
(2321, 1, 'Инза'),
(2322, 1, 'Ишеевка'),
(2323, 1, 'Канадей'),
(2324, 1, 'Карсун'),
(2325, 1, 'Кузоватово'),
(2326, 1, 'Майна'),
(2327, 1, 'Новая Малыкла'),
(2328, 1, 'Новоспасское'),
(2329, 1, 'Новоульяновск'),
(2330, 1, 'Павловка'),
(2331, 1, 'Радищево'),
(2332, 1, 'Сенгилей'),
(2333, 1, 'Старая Кулатка'),
(2334, 1, 'Старая Майна'),
(2335, 1, 'Сурское'),
(2336, 1, 'Тереньга'),
(2337, 1, 'Ульяновск'),
(2338, 1, 'Чердаклы'),
(2339, 1, 'Аксай (Уральская обл.)'),
(2340, 1, 'Дарьинское'),
(2341, 1, 'Деркул'),
(2342, 1, 'Джамбейты'),
(2343, 1, 'Переметное'),
(2344, 1, 'Уральск'),
(2345, 1, 'Федоровка (Уральская обл.'),
(2346, 1, 'Фурманово'),
(2347, 1, 'Чапаев'),
(2348, 1, 'Амурск'),
(2349, 1, 'Аян'),
(2350, 1, 'Березовый'),
(2351, 1, 'Бикин'),
(2352, 1, 'Бира'),
(2353, 1, 'Биракан'),
(2354, 1, 'Богородское (Хабаровский '),
(2355, 1, 'Ванино'),
(2356, 1, 'Волочаевка Вторая'),
(2357, 1, 'Высокогорный'),
(2358, 1, 'Вяземский'),
(2359, 1, 'Горный'),
(2360, 1, 'Гурское'),
(2361, 1, 'Дормидонтовка'),
(2362, 1, 'Заветы Ильича'),
(2363, 1, 'Известковый'),
(2364, 1, 'Иннокентьевка'),
(2365, 1, 'Комсомольск-на-Амуре'),
(2366, 1, 'Ленинское'),
(2367, 1, 'Нелькан'),
(2368, 1, 'Николаевск-на-Амуре'),
(2369, 1, 'Облучье'),
(2370, 1, 'Охотск'),
(2371, 1, 'Переяславка'),
(2372, 1, 'Смидович'),
(2373, 1, 'Советская Гавань'),
(2374, 1, 'Софийск'),
(2375, 1, 'Троицкое'),
(2376, 1, 'Тугур'),
(2377, 1, 'Хабаровск'),
(2378, 1, 'Чегдомын'),
(2379, 1, 'Чумикан'),
(2380, 1, 'Абакан'),
(2381, 1, 'Саяногорск'),
(2382, 1, 'Черногорск'),
(2383, 1, 'Агаповка'),
(2384, 1, 'Аргаяш'),
(2385, 1, 'Аша'),
(2386, 1, 'Бакал'),
(2387, 1, 'Бреды'),
(2388, 1, 'Варна'),
(2389, 1, 'Верхнеуральск'),
(2390, 1, 'Верхний Уфалей'),
(2391, 1, 'Еманжелинск'),
(2392, 1, 'Златоуст'),
(2393, 1, 'Карабаш'),
(2394, 1, 'Карталы'),
(2395, 1, 'Касли'),
(2396, 1, 'Катав-Ивановск'),
(2397, 1, 'Копейск'),
(2398, 1, 'Коркино'),
(2399, 1, 'Красногорский'),
(2400, 1, 'Кунашак'),
(2401, 1, 'Куса'),
(2402, 1, 'Кыштым'),
(2403, 1, 'Магнитогорск'),
(2404, 1, 'Миасс'),
(2405, 1, 'Миньяр'),
(2406, 1, 'Озерск(Челябинская обл.)'),
(2407, 1, 'Октябрьское (Челябинская '),
(2408, 1, 'Пласт'),
(2409, 1, 'Сатка'),
(2410, 1, 'Сим'),
(2411, 1, 'Снежинск (Челябинская обл'),
(2412, 1, 'Трехгорный'),
(2413, 1, 'Троицк'),
(2414, 1, 'Увельский'),
(2415, 1, 'Уйское'),
(2416, 1, 'Усть-Катав'),
(2417, 1, 'Фершампенуаз'),
(2418, 1, 'Чебаркуль'),
(2419, 1, 'Челябинск'),
(2420, 1, 'Чесма'),
(2421, 1, 'Южно-Уральск'),
(2422, 1, 'Юрюзань'),
(2423, 1, 'Аргун'),
(2424, 1, 'Грозный'),
(2425, 1, 'Гудермес'),
(2426, 1, 'Знаменское'),
(2427, 1, 'Малгобек'),
(2428, 1, 'Назрань'),
(2429, 1, 'Наурская'),
(2430, 1, 'Ножай-Юрт'),
(2431, 1, 'Орджоникидзевская'),
(2432, 1, 'Советское (Чечено-Ингушет'),
(2433, 1, 'Урус-Мартан'),
(2434, 1, 'Шали'),
(2435, 1, 'Агинское'),
(2436, 1, 'Аксеново-Зиловское'),
(2437, 1, 'Акша'),
(2438, 1, 'Арбагар'),
(2439, 1, 'Атамановка'),
(2440, 1, 'Балей'),
(2441, 1, 'Борзя'),
(2442, 1, 'Букачача'),
(2443, 1, 'Газимурский Завод'),
(2444, 1, 'Давенда'),
(2445, 1, 'Дарасун'),
(2446, 1, 'Домна'),
(2447, 1, 'Дровяная'),
(2448, 1, 'Дульдурга'),
(2449, 1, 'Забайкальск'),
(2450, 1, 'Карымское'),
(2451, 1, 'Ключевский'),
(2452, 1, 'Кокуй'),
(2453, 1, 'Краснокаменск'),
(2454, 1, 'Красный Чикой'),
(2455, 1, 'Кыра'),
(2456, 1, 'Моготуй'),
(2457, 1, 'Могоча'),
(2458, 1, 'Нерчинск'),
(2459, 1, 'Нерчинский Завод'),
(2460, 1, 'Нижний Цасучей'),
(2461, 1, 'Оловянная'),
(2462, 1, 'Первомайский (Читинская о'),
(2463, 1, 'Петровск-Забайкальский'),
(2464, 1, 'Приаргунск'),
(2465, 1, 'Сретенск'),
(2466, 1, 'Тупик'),
(2467, 1, 'Улеты'),
(2468, 1, 'Хилок'),
(2469, 1, 'Чара'),
(2470, 1, 'Чернышевск'),
(2471, 1, 'Чита'),
(2472, 1, 'Шелопугино'),
(2473, 1, 'Шилка'),
(2474, 1, 'Алатырь'),
(2475, 1, 'Аликово'),
(2476, 1, 'Батырева'),
(2477, 1, 'Буинск'),
(2478, 1, 'Вурнары'),
(2479, 1, 'Ибреси'),
(2480, 1, 'Канаш'),
(2481, 1, 'Киря'),
(2482, 1, 'Комсомольское'),
(2483, 1, 'Красноармейское (Чувашия)'),
(2484, 1, 'Красные Четаи'),
(2485, 1, 'Кугеси'),
(2486, 1, 'Мариинский Посад'),
(2487, 1, 'Моргауши'),
(2488, 1, 'Новочебоксарск'),
(2489, 1, 'Порецкое'),
(2490, 1, 'Урмары'),
(2491, 1, 'Цивильск'),
(2492, 1, 'Чебоксары'),
(2493, 1, 'Шемурша'),
(2494, 1, 'Шумерля'),
(2495, 1, 'Ядрин'),
(2496, 1, 'Яльчики'),
(2497, 1, 'Янтиково'),
(2498, 1, 'Анадырь (Чукотский АО)'),
(2499, 1, 'Билибино'),
(2500, 1, 'ПЕВЕК'),
(2501, 1, 'Губкинский (Ямало-Ненецки'),
(2502, 1, 'Заполярный (Ямало-Ненецки'),
(2503, 1, 'Муравленко'),
(2504, 1, 'Надым'),
(2505, 1, 'Новый Уренгой'),
(2506, 1, 'Ноябрьск'),
(2507, 1, 'Пангоды'),
(2508, 1, 'Пуровск'),
(2509, 1, 'Салехард'),
(2510, 1, 'Тазовский'),
(2511, 1, 'Тарко-Сале'),
(2512, 1, 'Андропов'),
(2513, 1, 'Берендеево'),
(2514, 1, 'Большое Село'),
(2515, 1, 'Борисоглебский'),
(2516, 1, 'Брейтово'),
(2517, 1, 'Бурмакино'),
(2518, 1, 'Варегово'),
(2519, 1, 'Волга'),
(2520, 1, 'Гаврилов Ям'),
(2521, 1, 'Данилов'),
(2522, 1, 'Любим'),
(2523, 1, 'Мышкин'),
(2524, 1, 'Некрасовское'),
(2525, 1, 'Новый Некоуз'),
(2526, 1, 'Переславль-Залесский'),
(2527, 1, 'Пошехонье-Володарск'),
(2528, 1, 'Ростов'),
(2529, 1, 'Рыбинск'),
(2530, 1, 'Тутаев'),
(2531, 1, 'Углич'),
(2532, 1, 'Ярославль'),
(2533, 1, 'Черкесск'),
(2534, 2, 'Бар'),
(2535, 2, 'Бершадь'),
(2536, 2, 'Браилов'),
(2537, 2, 'Брацлав'),
(2538, 2, 'Вапнярка'),
(2539, 2, 'Вендичаны'),
(2540, 2, 'Винница'),
(2541, 2, 'Вороновица'),
(2542, 2, 'Гайсин'),
(2543, 2, 'Гнивань'),
(2544, 2, 'Дашев'),
(2545, 2, 'Жмеринка'),
(2546, 2, 'Ильинцы'),
(2547, 2, 'Казатин'),
(2548, 2, 'Калиновка'),
(2549, 2, 'Крыжополь'),
(2550, 2, 'Ладыжин'),
(2551, 2, 'Липовец'),
(2552, 2, 'Литин'),
(2553, 2, 'Могилев-Подольский'),
(2554, 2, 'Мурованные Куриловцы'),
(2555, 2, 'Немиров'),
(2556, 2, 'Оратов'),
(2557, 2, 'Песчанка'),
(2558, 2, 'Погребище'),
(2559, 2, 'Теплик'),
(2560, 2, 'Томашполь'),
(2561, 2, 'Тростянец'),
(2562, 2, 'Тульчин'),
(2563, 2, 'Тывров'),
(2564, 2, 'Хмельник'),
(2565, 2, 'Чечельник'),
(2566, 2, 'Шаргород'),
(2567, 2, 'Ямполь'),
(2568, 2, 'Берестечко'),
(2569, 2, 'Владимир-Волынский'),
(2570, 2, 'Голобы'),
(2571, 2, 'Головно'),
(2572, 2, 'Горохов'),
(2573, 2, 'Заболотье'),
(2574, 2, 'Иваничи'),
(2575, 2, 'Камень-Каширский'),
(2576, 2, 'Киверцы'),
(2577, 2, 'Ковель'),
(2578, 2, 'Локачи'),
(2579, 2, 'Луцк'),
(2580, 2, 'Любешов'),
(2581, 2, 'Любомль'),
(2582, 2, 'Маневичи'),
(2583, 2, 'Нововолынск'),
(2584, 2, 'Ратно'),
(2585, 2, 'Рожище'),
(2586, 2, 'Старая Выжевка'),
(2587, 2, 'Турийск'),
(2588, 2, 'Апостолово'),
(2589, 2, 'Аулы'),
(2590, 2, 'Брагиновка'),
(2591, 2, 'Васильковка'),
(2592, 2, 'Верхнеднепровск'),
(2593, 2, 'Верховцево'),
(2594, 2, 'Вольногорск'),
(2595, 2, 'Гвардейское'),
(2596, 2, 'Горняцкое'),
(2597, 2, 'Губиниха'),
(2598, 2, 'Демурино'),
(2599, 2, 'Днепродзержинск'),
(2600, 2, 'Днепропетровск'),
(2601, 2, 'Желтые Воды'),
(2602, 2, 'Зализничное'),
(2603, 2, 'Зеленодольск'),
(2604, 2, 'Зеленое'),
(2605, 2, 'Илларионово'),
(2606, 2, 'Ингулец'),
(2607, 2, 'Калинино'),
(2608, 2, 'Карнауховка'),
(2609, 2, 'Кривой Рог'),
(2610, 2, 'Кринички'),
(2611, 2, 'Магдалиновка'),
(2612, 2, 'Марганец'),
(2613, 2, 'Межевая'),
(2614, 2, 'Никополь'),
(2615, 2, 'Новомосковск'),
(2616, 2, 'Орджоникидзе'),
(2617, 2, 'Павлоград'),
(2618, 2, 'Першотравенск'),
(2619, 2, 'Петропавловка'),
(2620, 2, 'Покровское'),
(2621, 2, 'Пятихатки'),
(2622, 2, 'Синельниково'),
(2623, 2, 'Софиевка'),
(2624, 2, 'Томаковка'),
(2625, 2, 'Царичанка'),
(2626, 2, 'Широкое'),
(2627, 2, 'Авдеевка'),
(2628, 2, 'Александровка'),
(2629, 2, 'Алексеево-Дружковка'),
(2630, 2, 'Амвросиевка'),
(2631, 2, 'Андреевка'),
(2632, 2, 'Артемово'),
(2633, 2, 'Артемовск'),
(2634, 2, 'Безыменное'),
(2635, 2, 'Беленькое'),
(2636, 2, 'Белицкое'),
(2637, 2, 'Благодатное'),
(2638, 2, 'Былбасовка'),
(2639, 2, 'Великая Новоселка'),
(2640, 2, 'Войковский'),
(2641, 2, 'Волноваха'),
(2642, 2, 'Володарское'),
(2643, 2, 'Гольмовский'),
(2644, 2, 'Горбачево-Михайловка'),
(2645, 2, 'Горловка'),
(2646, 2, 'Гродовка'),
(2647, 2, 'Грузско-Зорянское'),
(2648, 2, 'Дебальцево'),
(2649, 2, 'Дзержинск'),
(2650, 2, 'Димитров'),
(2651, 2, 'Доброполье'),
(2652, 2, 'Докучаевск'),
(2653, 2, 'Донецк'),
(2654, 2, 'Донецкая'),
(2655, 2, 'Донское'),
(2656, 2, 'Дробышево'),
(2657, 2, 'Дружковка'),
(2658, 2, 'Енакиево'),
(2659, 2, 'Жданов'),
(2660, 2, 'Ждановка'),
(2661, 2, 'Желанное'),
(2662, 2, 'Зугрэс'),
(2663, 2, 'Зуевка'),
(2664, 2, 'Иловайск'),
(2665, 2, 'Карло-Либкнехтовск'),
(2666, 2, 'Карло-Марксово'),
(2667, 2, 'Кировск'),
(2668, 2, 'Константиновка'),
(2669, 2, 'Краматорск'),
(2670, 2, 'Красноармейск'),
(2671, 2, 'Красный Лиман'),
(2672, 2, 'Макеевка'),
(2673, 2, 'Мариуполь'),
(2674, 2, 'Марьинка'),
(2675, 2, 'Николаевка'),
(2676, 2, 'Новоазовск'),
(2677, 2, 'Новоэкономическое'),
(2678, 2, 'Першотравневое'),
(2679, 2, 'Селидово'),
(2680, 2, 'Славянск'),
(2681, 2, 'Снежное'),
(2682, 2, 'Старобешево'),
(2683, 2, 'Тельманово'),
(2684, 2, 'Торез'),
(2685, 2, 'Угледар'),
(2686, 2, 'Харцызск'),
(2687, 2, 'Шахтерск'),
(2688, 2, 'Ясиноватая'),
(2689, 2, 'Андрушевка'),
(2690, 2, 'Барановка'),
(2691, 2, 'Белая Криница'),
(2692, 2, 'Бердичев'),
(2693, 2, 'Броницкая Гута'),
(2694, 2, 'Брусилов'),
(2695, 2, 'Быковка'),
(2696, 2, 'Великие Коровинцы'),
(2697, 2, 'Володарск-Волынский'),
(2698, 2, 'Городница'),
(2699, 2, 'Гришковцы'),
(2700, 2, 'Дзержинск'),
(2701, 2, 'Довбыш'),
(2702, 2, 'Емильчино'),
(2703, 2, 'Житомир'),
(2704, 2, 'Иванополь'),
(2705, 2, 'Каменный Брод'),
(2706, 2, 'Коростень'),
(2707, 2, 'Коростышев'),
(2708, 2, 'Лугины'),
(2709, 2, 'Любар'),
(2710, 2, 'Малин'),
(2711, 2, 'Народичи'),
(2712, 2, 'Новоград-Волынский'),
(2713, 2, 'Овруч'),
(2714, 2, 'Олевск'),
(2715, 2, 'Попельня'),
(2716, 2, 'Радомышль'),
(2717, 2, 'Ружин'),
(2718, 2, 'Червоноармейск'),
(2719, 2, 'Черняхов'),
(2720, 2, 'Чуднов'),
(2721, 2, 'Берегово'),
(2722, 2, 'Буштына'),
(2723, 2, 'Великий Березный'),
(2724, 2, 'Великий Бычков'),
(2725, 2, 'Виноградов'),
(2726, 2, 'Воловец'),
(2727, 2, 'Иршава'),
(2728, 2, 'Межгорье'),
(2729, 2, 'Мукачево'),
(2730, 2, 'Перечин'),
(2731, 2, 'Рахов'),
(2732, 2, 'Свалява'),
(2733, 2, 'Тячев'),
(2734, 2, 'Ужгород'),
(2735, 2, 'Хуст'),
(2736, 2, 'Чоп'),
(2737, 2, 'Акимовка'),
(2738, 2, 'Андреевка'),
(2739, 2, 'Балабино'),
(2740, 2, 'Бердянск'),
(2741, 2, 'Васильевка'),
(2742, 2, 'Веселое'),
(2743, 2, 'Вольнянск'),
(2744, 2, 'Гуляйполе'),
(2745, 2, 'Днепрорудный'),
(2746, 2, 'Запорожье'),
(2747, 2, 'Каменка-Днепровская'),
(2748, 2, 'Каменное'),
(2749, 2, 'Камыш-Заря'),
(2750, 2, 'Куйбышево'),
(2751, 2, 'Мелитополь'),
(2752, 2, 'Михайловка'),
(2753, 2, 'Новониколаевка'),
(2754, 2, 'Орехов'),
(2755, 2, 'Пологи'),
(2756, 2, 'Приазовское'),
(2757, 2, 'Приморск'),
(2758, 2, 'Токмак'),
(2759, 2, 'Черниговка'),
(2760, 2, 'Энергодар'),
(2761, 2, 'Богородчаны'),
(2762, 2, 'Болехов'),
(2763, 2, 'Болшовцы'),
(2764, 2, 'Брошнев-Осада'),
(2765, 2, 'Букачевцы'),
(2766, 2, 'Бурштын'),
(2767, 2, 'Бытков'),
(2768, 2, 'Верховина'),
(2769, 2, 'Войнилов'),
(2770, 2, 'Ворохта'),
(2771, 2, 'Выгода'),
(2772, 2, 'Галич'),
(2773, 2, 'Гвоздец'),
(2774, 2, 'Городенка'),
(2775, 2, 'Делятин'),
(2776, 2, 'Долина'),
(2777, 2, 'Жовтень'),
(2778, 2, 'Заболотов'),
(2779, 2, 'Ивано-Франковск'),
(2780, 2, 'Калуж'),
(2781, 2, 'Калуш'),
(2782, 2, 'Коломыя'),
(2783, 2, 'Косов'),
(2784, 2, 'Надворна'),
(2785, 2, 'Надворная'),
(2786, 2, 'Рогатин'),
(2787, 2, 'Рожнятов'),
(2788, 2, 'Снятын'),
(2789, 2, 'Станиславов'),
(2790, 2, 'Тлумач'),
(2791, 2, 'Тысменица'),
(2792, 2, 'Яремча'),
(2793, 2, 'Барышевка'),
(2794, 2, 'Белая Церковь'),
(2795, 2, 'Березань'),
(2796, 2, 'Богуслав'),
(2797, 2, 'Борисполь'),
(2798, 2, 'Боровая'),
(2799, 2, 'Бородянка'),
(2800, 2, 'Боярка'),
(2801, 2, 'Бровары'),
(2802, 2, 'Васильков'),
(2803, 2, 'Володарка'),
(2804, 2, 'Ворзель'),
(2805, 2, 'Вышгород'),
(2806, 2, 'Гребенки'),
(2807, 2, 'Дымер'),
(2808, 2, 'Згуровка'),
(2809, 2, 'Иванков'),
(2810, 2, 'Ирпень'),
(2811, 2, 'Кагарлык'),
(2812, 2, 'Калиновка'),
(2813, 2, 'Киев'),
(2814, 2, 'Киевская'),
(2815, 2, 'Кодра'),
(2816, 2, 'Кожанка'),
(2817, 2, 'Козин'),
(2818, 2, 'Макаров'),
(2819, 2, 'Мироновка'),
(2820, 2, 'Обухов'),
(2821, 2, 'Переяслав-Хмельницкий'),
(2822, 2, 'Полесское'),
(2823, 2, 'Ракитное'),
(2824, 2, 'Ржищев'),
(2825, 2, 'Сквира'),
(2826, 2, 'Славутич'),
(2827, 2, 'Ставище'),
(2828, 2, 'Тараща'),
(2829, 2, 'Тетиев'),
(2830, 2, 'Фастов'),
(2831, 2, 'Чернобыль'),
(2832, 2, 'Яготин'),
(2833, 2, 'Александрия'),
(2834, 2, 'Александровка'),
(2835, 2, 'Бобринец'),
(2836, 2, 'Гайворон'),
(2837, 2, 'Голованевск'),
(2838, 2, 'Добровеличковка'),
(2839, 2, 'Долинская'),
(2840, 2, 'Елизаветградка'),
(2841, 2, 'Завалье'),
(2842, 2, 'Знаменка'),
(2843, 2, 'Знаменка-Вторая'),
(2844, 2, 'Капитановка'),
(2845, 2, 'Кировоград'),
(2846, 2, 'Компанеевка'),
(2847, 2, 'Малая Виска'),
(2848, 2, 'Новгородка'),
(2849, 2, 'Новоархангельск'),
(2850, 2, 'Новомиргород'),
(2851, 2, 'Новоукраинка'),
(2852, 2, 'Ольшанка'),
(2853, 2, 'Онуфриевка'),
(2854, 2, 'Петрово'),
(2855, 2, 'Светловодск'),
(2856, 2, 'Ульяновка'),
(2857, 2, 'Устиновка'),
(2858, 2, 'Азовское'),
(2859, 2, 'Алупка'),
(2860, 2, 'Алушта'),
(2861, 2, 'Армянск'),
(2862, 2, 'Багерово'),
(2863, 2, 'Балаклава'),
(2864, 2, 'Бахчисарай'),
(2865, 2, 'Белогорск'),
(2866, 2, 'Гаспра'),
(2867, 2, 'Гвардейское'),
(2868, 2, 'Гурзуф'),
(2869, 2, 'Джанкой'),
(2870, 2, 'Евпатория'),
(2871, 2, 'Зуя'),
(2872, 2, 'Керчь'),
(2873, 2, 'Кировское'),
(2874, 2, 'Коктебель'),
(2875, 2, 'Красногвардейское'),
(2876, 2, 'Красноперекопск'),
(2877, 2, 'Ленино'),
(2878, 2, 'Массандра'),
(2879, 2, 'Нижнегорский'),
(2880, 2, 'Первомайское'),
(2881, 2, 'Раздольное'),
(2882, 2, 'Саки'),
(2883, 2, 'Севастополь'),
(2884, 2, 'Симеиз'),
(2885, 2, 'Симферополь'),
(2886, 2, 'Советский'),
(2887, 2, 'Судак'),
(2888, 2, 'Феодосия'),
(2889, 2, 'Форос'),
(2890, 2, 'Черноморское'),
(2891, 2, 'Щёлкино'),
(2892, 2, 'Ялта'),
(2893, 2, 'Алексадровск'),
(2894, 2, 'Алчевск'),
(2895, 2, 'Антрацит'),
(2896, 2, 'Артемовск'),
(2897, 2, 'Байрачки'),
(2898, 2, 'Беловодск'),
(2899, 2, 'Белое'),
(2900, 2, 'Белокуракино'),
(2901, 2, 'Белолуцк'),
(2902, 2, 'Бирюково'),
(2903, 2, 'Боково-Платово'),
(2904, 2, 'Боровское'),
(2905, 2, 'Брянка'),
(2906, 2, 'Бугаевка'),
(2907, 2, 'Вахрушево'),
(2908, 2, 'Великий Лог'),
(2909, 2, 'Вергулевка'),
(2910, 2, 'Володарск'),
(2911, 2, 'Волчеяровка'),
(2912, 2, 'Ворошиловград'),
(2913, 2, 'Врубовка'),
(2914, 2, 'Врубовский'),
(2915, 2, 'Георгиевка'),
(2916, 2, 'Горское'),
(2917, 2, 'Есауловка'),
(2918, 2, 'Зимогорье'),
(2919, 2, 'Золотое'),
(2920, 2, 'Зоринск'),
(2921, 2, 'Изварино'),
(2922, 2, 'Калиново'),
(2923, 2, 'Кировск'),
(2924, 2, 'Коммунарск'),
(2925, 2, 'Краснодон'),
(2926, 2, 'Красный Луч'),
(2927, 2, 'Кременная'),
(2928, 2, 'Лисичанск'),
(2929, 2, 'Луганск'),
(2930, 2, 'Лутугино'),
(2931, 2, 'Марковка'),
(2932, 2, 'Меловое'),
(2933, 2, 'Молодогвардейск'),
(2934, 2, 'Новоайдар'),
(2935, 2, 'Новопсков'),
(2936, 2, 'Первомайск'),
(2937, 2, 'Перевальск'),
(2938, 2, 'Попасная'),
(2939, 2, 'Ровеньки'),
(2940, 2, 'Рубежное'),
(2941, 2, 'Сватово'),
(2942, 2, 'Свердловск'),
(2943, 2, 'Северодонецк'),
(2944, 2, 'Славяносербск'),
(2945, 2, 'Станично-Луганское'),
(2946, 2, 'Старобельск'),
(2947, 2, 'Стаханов'),
(2948, 2, 'Счастье'),
(2949, 2, 'Троицкое'),
(2950, 2, 'Белз'),
(2951, 2, 'Бобрка'),
(2952, 2, 'Борислав'),
(2953, 2, 'Броды'),
(2954, 2, 'Буск'),
(2955, 2, 'Великие Мосты'),
(2956, 2, 'Верхнее Синевидное'),
(2957, 2, 'Винники'),
(2958, 2, 'Глиняны'),
(2959, 2, 'Горняк'),
(2960, 2, 'Дашава'),
(2961, 2, 'Добротвор'),
(2962, 2, 'Дрогобыч'),
(2963, 2, 'Жидачов'),
(2964, 2, 'Жовква'),
(2965, 2, 'Золочев'),
(2966, 2, 'Ивано-Франково'),
(2967, 2, 'Каменка-Бугская'),
(2968, 2, 'Красне'),
(2969, 2, 'Львов'),
(2970, 2, 'Моршин'),
(2971, 2, 'Мостиска'),
(2972, 2, 'Нестеров'),
(2973, 2, 'Николаев'),
(2974, 2, 'Новый Роздил'),
(2975, 2, 'Перемышляны'),
(2976, 2, 'Пустомыты'),
(2977, 2, 'Рава Русская'),
(2978, 2, 'Радехов'),
(2979, 2, 'Самбор'),
(2980, 2, 'Сколе'),
(2981, 2, 'Сокаль'),
(2982, 2, 'Старый Самбор'),
(2983, 2, 'Стрый'),
(2984, 2, 'Трускавец'),
(2985, 2, 'Турка'),
(2986, 2, 'Червоноград'),
(2987, 2, 'Яворов'),
(2988, 2, 'Александровка'),
(2989, 2, 'Арбузинка'),
(2990, 2, 'Баштанка'),
(2991, 2, 'Березнеговатое'),
(2992, 2, 'Братское'),
(2993, 2, 'Великая Корениха'),
(2994, 2, 'Веселиново'),
(2995, 2, 'Вознесенск'),
(2996, 2, 'Доманевка'),
(2997, 2, 'Еланец'),
(2998, 2, 'Казанка'),
(2999, 2, 'Коблево'),
(3000, 2, 'Кривое Озеро'),
(3001, 2, 'Николаев'),
(3002, 2, 'Новая Одесса'),
(3003, 2, 'Новый Буг'),
(3004, 2, 'Очаков'),
(3005, 2, 'Первомайск'),
(3006, 2, 'Снигиревка'),
(3007, 2, 'Южноукраинск'),
(3008, 2, 'Аккерман'),
(3009, 2, 'Ананьев'),
(3010, 2, 'Арциз'),
(3011, 2, 'Балта'),
(3012, 2, 'Белгород-Днестровский'),
(3013, 2, 'Беляевка'),
(3014, 2, 'Березино'),
(3015, 2, 'Березовка'),
(3016, 2, 'Болград'),
(3017, 2, 'Бородино'),
(3018, 2, 'Великая Михайловка'),
(3019, 2, 'Великодолининское'),
(3020, 2, 'Вилково'),
(3021, 2, 'Затишье'),
(3022, 2, 'Измаил'),
(3023, 2, 'Ильичевск'),
(3024, 2, 'Килия'),
(3025, 2, 'Кодыма'),
(3026, 2, 'Коминтерновское'),
(3027, 2, 'Котовск'),
(3028, 2, 'Красные Окны'),
(3029, 2, 'Любашевка'),
(3030, 2, 'Николаевка'),
(3031, 2, 'Овидиополь'),
(3032, 2, 'Одесса'),
(3033, 2, 'Раздельная'),
(3034, 2, 'Рени'),
(3035, 2, 'Саврань'),
(3036, 2, 'Сарата'),
(3037, 2, 'Тарутино'),
(3038, 2, 'Татарбунары'),
(3039, 2, 'Теплодар'),
(3040, 2, 'Фрунзовка'),
(3041, 2, 'Ширяево'),
(3042, 2, 'Южный'),
(3043, 2, 'Белики'),
(3044, 2, 'Великая Багачка'),
(3045, 2, 'Гадяч'),
(3046, 2, 'Глобино'),
(3047, 2, 'Гоголево'),
(3048, 2, 'Градижск'),
(3049, 2, 'Гребенка'),
(3050, 2, 'Диканька'),
(3051, 2, 'Зеньков'),
(3052, 2, 'Карловка'),
(3053, 2, 'Кобеляки'),
(3054, 2, 'Козельщина'),
(3055, 2, 'Комсомольск'),
(3056, 2, 'Котельва'),
(3057, 2, 'Кременчуг'),
(3058, 2, 'Лохвица'),
(3059, 2, 'Лубны'),
(3060, 2, 'Машевка'),
(3061, 2, 'Миргород'),
(3062, 2, 'Новые Санжары'),
(3063, 2, 'Оржица'),
(3064, 2, 'Пирянтин'),
(3065, 2, 'Пирятин'),
(3066, 2, 'Полтава'),
(3067, 2, 'Решетиловка'),
(3068, 2, 'Семеновка'),
(3069, 2, 'Хорол'),
(3070, 2, 'Чернухи'),
(3071, 2, 'Чутово'),
(3072, 2, 'Шишаки'),
(3073, 2, 'Владимирец'),
(3074, 2, 'Гоща'),
(3075, 2, 'Демидовка'),
(3076, 2, 'Дубно'),
(3077, 2, 'Дубровица'),
(3078, 2, 'Заречное'),
(3079, 2, 'Здолбунов'),
(3080, 2, 'Клевань'),
(3081, 2, 'Клесов'),
(3082, 2, 'Корец'),
(3083, 2, 'Костополь'),
(3084, 2, 'Кузнецовск'),
(3085, 2, 'Млинов'),
(3086, 2, 'Острог'),
(3087, 2, 'Радивилов'),
(3088, 2, 'Ровно'),
(3089, 2, 'Сарны'),
(3090, 2, 'Ахтырка'),
(3091, 2, 'Белополье'),
(3092, 2, 'Бурынь'),
(3093, 2, 'Великая Писаревка'),
(3094, 2, 'Ворожба'),
(3095, 2, 'Воронеж'),
(3096, 2, 'Глухов'),
(3097, 2, 'Дружба'),
(3098, 2, 'Знобь-Новгородское'),
(3099, 2, 'Кириковка'),
(3100, 2, 'Конотоп'),
(3101, 2, 'Краснополье'),
(3102, 2, 'Кролевец'),
(3103, 2, 'Лебедин'),
(3104, 2, 'Липовая Долина'),
(3105, 2, 'Недригайлов'),
(3106, 2, 'Путивль'),
(3107, 2, 'Ромны'),
(3108, 2, 'Середина-Буда'),
(3109, 2, 'Сумы'),
(3110, 2, 'Тростянец'),
(3111, 2, 'Шостка'),
(3112, 2, 'Шурупинское'),
(3113, 2, 'Ямполь'),
(3114, 2, 'Бережаны'),
(3115, 2, 'Борщев'),
(3116, 2, 'Бучач'),
(3117, 2, 'Великие Борки'),
(3118, 2, 'Вишневец'),
(3119, 2, 'Гримайлов'),
(3120, 2, 'Гусятин'),
(3121, 2, 'Залещики'),
(3122, 2, 'Заложцы'),
(3123, 2, 'Збараж'),
(3124, 2, 'Зборов'),
(3125, 2, 'Золотники'),
(3126, 2, 'Золотойпоток'),
(3127, 2, 'Козлов'),
(3128, 2, 'Козова'),
(3129, 2, 'Кременец'),
(3130, 2, 'Лановцы'),
(3131, 2, 'Монастыриска'),
(3132, 2, 'Подволочиск'),
(3133, 2, 'Теребовля'),
(3134, 2, 'Тернополь'),
(3135, 2, 'Чортков'),
(3136, 2, 'Шумское'),
(3137, 2, 'Армянск'),
(3138, 2, 'Артек'),
(3139, 2, 'Береговое'),
(3140, 2, 'Ботаническое'),
(3141, 2, 'Кастрополь'),
(3142, 2, 'Кацивели'),
(3143, 2, 'Кореиз'),
(3144, 2, 'Красногвардейск'),
(3145, 2, 'Краснокаменка'),
(3146, 2, 'Курпаты'),
(3147, 2, 'Ливадия'),
(3148, 2, 'Мисхор'),
(3149, 2, 'Олива'),
(3150, 2, 'Оползневое'),
(3151, 2, 'Парковое'),
(3152, 2, 'Понизовка'),
(3153, 2, 'Санаторное'),
(3154, 2, 'Симеиз'),
(3155, 2, 'Балаклея'),
(3156, 2, 'Барвенково'),
(3157, 2, 'Близнюки'),
(3158, 2, 'Богодухов'),
(3159, 2, 'Борки'),
(3160, 2, 'Боровая'),
(3161, 2, 'Буды'),
(3162, 2, 'Валки'),
(3163, 2, 'Великий Бурлук'),
(3164, 2, 'Волчанск'),
(3165, 2, 'Готвальд'),
(3166, 2, 'Гуты'),
(3167, 2, 'Дергачи'),
(3168, 2, 'Зачепиловка'),
(3169, 2, 'Зидьки'),
(3170, 2, 'Золочев'),
(3171, 2, 'Изюм'),
(3172, 2, 'Казачья Лопань'),
(3173, 2, 'Кегичевка'),
(3174, 2, 'Красноград'),
(3175, 2, 'Краснокутск'),
(3176, 2, 'Купянск'),
(3177, 2, 'Лозовая'),
(3178, 2, 'Люботин'),
(3179, 2, 'Мерефа'),
(3180, 2, 'Новая Водолага'),
(3181, 2, 'Первомайский'),
(3182, 2, 'Песочин'),
(3183, 2, 'Сахновщина'),
(3184, 2, 'Харьков'),
(3185, 2, 'Чугуев'),
(3186, 2, 'Шевченково'),
(3187, 2, 'Аскания-Нова'),
(3188, 2, 'Белая Криница'),
(3189, 2, 'Белозерка'),
(3190, 2, 'Берислав'),
(3191, 2, 'Великая Александровка'),
(3192, 2, 'Великая Лепетиха'),
(3193, 2, 'Верхний Рогачик'),
(3194, 2, 'Высокополье'),
(3195, 2, 'Геническ'),
(3196, 2, 'Голая Пристань'),
(3197, 2, 'Горностаевка'),
(3198, 2, 'Днепряны'),
(3199, 2, 'Каланчак'),
(3200, 2, 'Калининское'),
(3201, 2, 'Каховка'),
(3202, 2, 'Нижние Серогозы'),
(3203, 2, 'Новая Каховка'),
(3204, 2, 'Нововоронцовка'),
(3205, 2, 'Новотроицкое'),
(3206, 2, 'Скадовск'),
(3207, 2, 'Херсон'),
(3208, 2, 'Цюрупинск'),
(3209, 2, 'Чаплинка'),
(3210, 2, 'Антонины'),
(3211, 2, 'Базалия'),
(3212, 2, 'Белогорье'),
(3213, 2, 'Виньковцы'),
(3214, 2, 'Волочиск'),
(3215, 2, 'Городок'),
(3216, 2, 'Грицев'),
(3217, 2, 'Деражня'),
(3218, 2, 'Дунаевцы'),
(3219, 2, 'Изяслав'),
(3220, 2, 'Каменец-Подольский'),
(3221, 2, 'Красилов'),
(3222, 2, 'Летичев'),
(3223, 2, 'Нетешин'),
(3224, 2, 'Новая Ушица'),
(3225, 2, 'Полонное'),
(3226, 2, 'Славута');
INSERT INTO `vii_city` (`id`, `id_country`, `name`) VALUES
(3227, 2, 'Старая Синява'),
(3228, 2, 'Староконстантинов'),
(3229, 2, 'Теофиполь'),
(3230, 2, 'Хмельницкий'),
(3231, 2, 'Чемеровцы'),
(3232, 2, 'Шепетовка'),
(3233, 2, 'Ярмолинцы'),
(3234, 2, 'Ватутино'),
(3235, 2, 'Городище'),
(3236, 2, 'Драбов'),
(3237, 2, 'Ерки'),
(3238, 2, 'Жашков'),
(3239, 2, 'Зараевск'),
(3240, 2, 'Звенигородка'),
(3241, 2, 'Золотоноша'),
(3242, 2, 'Ирдынь'),
(3243, 2, 'Каменка'),
(3244, 2, 'Канев'),
(3245, 2, 'Катеринополь'),
(3246, 2, 'Корсунь-Шевченковский'),
(3247, 2, 'Лысянка'),
(3248, 2, 'Маньковка'),
(3249, 2, 'Монастырище'),
(3250, 2, 'Смела'),
(3251, 2, 'Тальное'),
(3252, 2, 'Умань'),
(3253, 2, 'Христиновка'),
(3254, 2, 'Черкассы'),
(3255, 2, 'Чернобай'),
(3256, 2, 'Чигирин'),
(3257, 2, 'Шпола'),
(3258, 2, 'Батурин'),
(3259, 2, 'Бахмач'),
(3260, 2, 'Березна'),
(3261, 2, 'Бобровица'),
(3262, 2, 'Борзна'),
(3263, 2, 'Варва'),
(3264, 2, 'Вертиевка'),
(3265, 2, 'Городня'),
(3266, 2, 'Добрянка'),
(3267, 2, 'Замглай'),
(3268, 2, 'Ичня'),
(3269, 2, 'Козелец'),
(3270, 2, 'Короп'),
(3271, 2, 'Корюковка'),
(3272, 2, 'Куликовка'),
(3273, 2, 'Мена'),
(3274, 2, 'Нежин'),
(3275, 2, 'Новгород Северский'),
(3276, 2, 'Носовка'),
(3277, 2, 'Прилуки'),
(3278, 2, 'Припять'),
(3279, 2, 'Репки'),
(3280, 2, 'Семеновка'),
(3281, 2, 'Сосница'),
(3282, 2, 'Талалаевка'),
(3283, 2, 'Чернигов'),
(3284, 2, 'Щорс'),
(3285, 2, 'Берегомет'),
(3286, 2, 'Вашковцы'),
(3287, 2, 'Вижница'),
(3288, 2, 'Герца'),
(3289, 2, 'Глыбокая'),
(3290, 2, 'Заставна'),
(3291, 2, 'Кельменцы'),
(3292, 2, 'Кицмань'),
(3293, 2, 'Новоселица'),
(3294, 2, 'Путила'),
(3295, 2, 'Сокиряны'),
(3296, 2, 'Сторожинец'),
(3297, 2, 'Хотин'),
(3298, 2, 'Черновцы'),
(3299, 8, 'Баку'),
(3300, 8, 'Габала'),
(3301, 4, 'Брест'),
(3302, 4, 'Витебск'),
(3303, 4, 'Гомель'),
(3304, 4, 'Гродно'),
(3305, 4, 'Минск'),
(3306, 4, 'Могилёв'),
(3307, 3, 'Fort Shevchenko'),
(3308, 3, 'Ust-Kamanogorsk'),
(3309, 3, 'Актау'),
(3310, 3, 'Актобе'),
(3311, 3, 'Алма-Ата'),
(3312, 3, 'Астана'),
(3313, 3, 'Атирау'),
(3314, 3, 'Караганда'),
(3315, 5, 'Liepaja'),
(3316, 5, 'Даугавпилс'),
(3317, 5, 'Резекне'),
(3318, 5, 'Рига'),
(3319, 5, 'Сезис'),
(3320, 5, 'Сигулда'),
(3321, 5, 'Юрмала'),
(3322, 9, 'Marijampole'),
(3323, 9, 'Siauliai'),
(3324, 9, 'Silute'),
(3325, 9, 'Вильнюс'),
(3326, 9, 'Друскининкай'),
(3327, 9, 'Каунас'),
(3328, 9, 'Клайпеда'),
(3329, 9, 'Паланга'),
(3330, 6, 'Бендеры'),
(3331, 6, 'Кишинёв'),
(3332, 6, 'Тирасполь'),
(3333, 10, 'Chicago'),
(3334, 10, 'Washington'),
(3335, 10, 'Бруклин'),
(3336, 10, 'Лас-Вегас'),
(3337, 10, 'Лос-Анджелес'),
(3338, 10, 'Майами'),
(3339, 10, 'Майами-Бич'),
(3340, 10, 'Нью-Йорк'),
(3341, 10, 'Сан-Франциско'),
(3342, 7, 'Narva-joesuu'),
(3343, 7, 'Вильянди'),
(3344, 7, 'Муху'),
(3345, 7, 'Пярну'),
(3346, 7, 'Таллин'),
(3347, 7, 'Тарту'),
(3348, 7, 'Хаапсалу');

-- --------------------------------------------------------

--
-- Структура таблицы `vii_communities`
--

CREATE TABLE IF NOT EXISTS `vii_communities` (
`id` int(11) unsigned NOT NULL,
  `admin` text NOT NULL,
  `title` varchar(60) NOT NULL,
  `descr` text NOT NULL,
  `cat` smallint(6) unsigned NOT NULL,
  `type` tinyint(3) unsigned NOT NULL,
  `traf` int(11) unsigned NOT NULL,
  `ulist` text NOT NULL,
  `date` datetime NOT NULL,
  `photo` varchar(25) NOT NULL,
  `feedback` smallint(6) unsigned NOT NULL,
  `comments` tinyint(1) unsigned NOT NULL,
  `real_admin` int(11) unsigned NOT NULL,
  `rec_num` int(11) unsigned NOT NULL,
  `photos_num` int(11) unsigned NOT NULL,
  `del` tinyint(2) NOT NULL,
  `ban` tinyint(2) NOT NULL,
  `adres` varchar(40) NOT NULL,
  `audio_num` mediumint(8) NOT NULL,
  `forum_num` mediumint(8) NOT NULL,
  `discussion` tinyint(1) NOT NULL,
  `status_text` varchar(255) NOT NULL,
  `web` varchar(255) NOT NULL,
  `videos_num` int(11) NOT NULL,
  `cover` varchar(25) NOT NULL,
  `cover_pos` varchar(4) NOT NULL,
  `verification` tinyint(2) NOT NULL
) ENGINE=MyISAM AUTO_INCREMENT=3 DEFAULT CHARSET=utf8;

--
-- Дамп данных таблицы `vii_communities`
--

INSERT INTO `vii_communities` (`id`, `admin`, `title`, `descr`, `cat`, `type`, `traf`, `ulist`, `date`, `photo`, `feedback`, `comments`, `real_admin`, `rec_num`, `photos_num`, `del`, `ban`, `adres`, `audio_num`, `forum_num`, `discussion`, `status_text`, `web`, `videos_num`, `cover`, `cover_pos`, `verification`) VALUES
(1, 'u1|', 'FR. Team', 'Все новости и обновления читайте здесь.', 0, 1, 5, '|1||4||5||10||11|', '2015-06-20 11:14:51', 'd305e877d74c8c17e981.png', 1, 1, 1, 6, 0, 0, 0, 'team', 0, 1, 1, 'Обновления каждый день!', 'http://freend.ga/team', 0, '', '', 1),
(2, 'u10|', 'Кино цитаты', '&quot;Я тебя люблю&quot; на всех языках мира:<br /><br />1. Абхазский - Сара бара бзия бзой!<br />2. Арабский - Ана ахебек, Ана ахебеки !<br />3. Адыгейский - Сэ оры плэгун!<br />4. Алтайский - Мэн сэни турар!<br />5. Албанский - Уне дуа ти!<br />6. Амхарский - Афэггерэ антэ!<br />Подпишись!<br />7. Английский - Ай лав ю!<br />8. Армянский - Ес кэс сирум эм!<br />9. Афганский - Ма ди кавэл мина!<br />10. Башкирский - Мин хинэ яратау!<br />11. Белорусский - Я тябэ кахаю!<br />12. Бирманский - Чэна тинго чхи ти (Чумма тинго чхи ти)!<br />13. Болгарский - Аз ти обичам!<br />14. Бурятский - Би шамай дурлаха!<br />15. Венгерский - Серетлек!<br />16. Вьетнамский - Эм йеу ань,ань йеу эм!<br />17. Голландский - Ик хуид ван ю!<br />18. Греческий - Эго агапо су!<br />19. Грузинский - Ме шен миквархар!<br />20. Датский - Йег элскер дит!<br />21. Дунгайский - Во жыай ни!<br />22. Иврит - Ани охевет отха!<br />23. Идиш - Об дих лыб!<br />24. Индонезийский - Сайя ментьинта коу!<br />25. Испанский - Йо тэ амо!<br />26. Итальянский - Ио тэ амо!<br />27. Кабардино-Черкесский - Сэ уэ лагун!<br />28. Казахский - Мэн сэни жаратам!<br />29. Кара-латыкский - К''тыбытык!<br />30. Киргизский - Мен сэни суйу!<br />31. Калмыцкий - Би чи дурта болх!<br />32. Коми - Мэ радэйт тэне!<br />33. Корякский - Гымнан гыччи ылну лынык!<br />34. Кумыкский - Мэн сэни сюйим!<br />35. Китайский - Во ай ни!<br />36. Лакский - На вин хира хун!<br />37. Латвийский - Эс тэви милу!<br />38. Латинский - Эго ту амарэ!<br />39. Литовский - Аш тавес милю!<br />40. Луганда - Нкуквагала!<br />41. Македонский - Яс тэбэ сакам!<br />42. Малагайский - Тиа иануо ао!<br />43. Малайзийский - Аку кунта капада авак!<br />44. Марийский - Мый тыймым ратам!<br />45. Менгрельский - Ма си мныорк!<br />46. Молдавский - Т''юбеск!<br />47. Монгольский - Би танд хайртай!<br />48. Мордовский - Мон вечкан!<br />49. Навахо (дине) - Ка-та-уур-дь!<br />50. Нивхский (гилянский) - Коды моды чмодь!<br />51. Немецкий - Ихь либе дихь!<br />52. Нивхский - Ни чезмудь!<br />53. Норвежский - Ег дэг элски!<br />54. Ненецкий - Мань хамзангав сит!<br />55. Осетинский - Аз даима уварзон!<br />56. Персидский - Ман то эйсч!<br />57. Польский - Я цен кохам!<br />58. Португальский - А мо тэ!<br />59. Русский - Я люблю тебя!<br />60. Румынский - Т''юбеск!<br />61. Сербско-хорватский - Я ту волети!<br />62. Словацкий - Мам тя рад!<br />63. Словенский - Яз ти любити!<br />64. Сомали - Анига ку есель!<br />65. Суахили - Мимикупенда!<br />66. Тагальский - Ако сия умибиг!<br />67. Таджикский - Ман туро дуст медорам!<br />68. Тамильский - Нан уннаи кадалирэн!<br />69. Татарский - Мин сини яратам!<br />70. Тувинский - Мэн сэни ынакшир!<br />71. Турецкий - Бен сана сэвийорум!<br />72. Узбекский - Мэн сэни севаман!<br />73. Украинский - Я тэбе кохаю!<br />74. Удмуртский - Яратыщке мон тонэ!<br />75. Финский - Ракастан синуа!<br />76. Французский - Жэ тэм!<br />77. Ханси - Ина зон ка!<br />78. Хакасский - Мин син хынара!<br />79. Хинди - Мэи тумсей пяр карта хум', 0, 1, 3, '|10||9||1|', '2015-06-24 23:17:59', 'eb29455b8f3ebc64c710.jpg', 1, 0, 10, 21, 1, 0, 0, '', 0, 0, 0, '— Дай угадаю. Невероятно красивый мужчина подошел к тебе и выдал себя за меня?  © Дневники вампира.', '', 0, '', '', 0);

-- --------------------------------------------------------

--
-- Структура таблицы `vii_communities_audio`
--

CREATE TABLE IF NOT EXISTS `vii_communities_audio` (
`aid` int(11) unsigned NOT NULL,
  `public_id` int(11) unsigned NOT NULL,
  `url` text NOT NULL,
  `artist` varchar(50) NOT NULL,
  `name` varchar(50) NOT NULL,
  `adate` varchar(10) NOT NULL
) ENGINE=MyISAM DEFAULT CHARSET=utf8;

-- --------------------------------------------------------

--
-- Структура таблицы `vii_communities_feedback`
--

CREATE TABLE IF NOT EXISTS `vii_communities_feedback` (
  `cid` int(11) NOT NULL,
  `fuser_id` int(11) NOT NULL,
  `office` varchar(30) NOT NULL,
  `fphone` varchar(15) NOT NULL,
  `femail` varchar(40) NOT NULL,
  `fdate` varchar(10) NOT NULL
) ENGINE=MyISAM DEFAULT CHARSET=utf8;

--
-- Дамп данных таблицы `vii_communities_feedback`
--

INSERT INTO `vii_communities_feedback` (`cid`, `fuser_id`, `office`, `fphone`, `femail`, `fdate`) VALUES
(1, 1, 'Администратор', '', '', '1434819962'),
(2, 10, 'Создатель', '', '', '1435177830');

-- --------------------------------------------------------

--
-- Структура таблицы `vii_communities_forum`
--

CREATE TABLE IF NOT EXISTS `vii_communities_forum` (
`fid` int(11) unsigned NOT NULL,
  `public_id` int(11) unsigned NOT NULL,
  `fuser_id` int(11) unsigned NOT NULL,
  `title` varchar(65) NOT NULL,
  `text` text NOT NULL,
  `attach` text NOT NULL,
  `fdate` varchar(10) NOT NULL,
  `msg_num` mediumint(8) unsigned NOT NULL,
  `lastdate` varchar(10) NOT NULL,
  `lastuser_id` int(11) unsigned NOT NULL,
  `fixed` tinyint(2) unsigned NOT NULL,
  `status` tinyint(2) unsigned NOT NULL,
  `vote` mediumint(8) unsigned NOT NULL
) ENGINE=MyISAM AUTO_INCREMENT=3 DEFAULT CHARSET=utf8;

--
-- Дамп данных таблицы `vii_communities_forum`
--

INSERT INTO `vii_communities_forum` (`fid`, `public_id`, `fuser_id`, `title`, `text`, `attach`, `fdate`, `msg_num`, `lastdate`, `lastuser_id`, `fixed`, `status`, `vote`) VALUES
(2, 1, 1, 'пп', 'ппп', '', '1435317776', 2, '1435327052', 11, 0, 0, 0);

-- --------------------------------------------------------

--
-- Структура таблицы `vii_communities_forum_msg`
--

CREATE TABLE IF NOT EXISTS `vii_communities_forum_msg` (
`mid` int(11) unsigned NOT NULL,
  `fid` int(11) unsigned NOT NULL,
  `muser_id` int(11) unsigned NOT NULL,
  `msg` text NOT NULL,
  `attach` text NOT NULL,
  `mdate` varchar(10) NOT NULL
) ENGINE=MyISAM AUTO_INCREMENT=3 DEFAULT CHARSET=utf8;

--
-- Дамп данных таблицы `vii_communities_forum_msg`
--

INSERT INTO `vii_communities_forum_msg` (`mid`, `fid`, `muser_id`, `msg`, `attach`, `mdate`) VALUES
(2, 2, 11, 'GGG', '', '1435327052');

-- --------------------------------------------------------

--
-- Структура таблицы `vii_communities_join`
--

CREATE TABLE IF NOT EXISTS `vii_communities_join` (
`id` int(11) NOT NULL,
  `user_id` int(11) NOT NULL,
  `for_user_id` int(11) NOT NULL,
  `public_id` int(11) NOT NULL,
  `date` varchar(10) NOT NULL
) ENGINE=MyISAM AUTO_INCREMENT=8 DEFAULT CHARSET=utf8;

--
-- Дамп данных таблицы `vii_communities_join`
--

INSERT INTO `vii_communities_join` (`id`, `user_id`, `for_user_id`, `public_id`, `date`) VALUES
(5, 1, 7, 1, '2015-06-25'),
(3, 1, 7, 2, '2015-06-24'),
(4, 1, 4, 2, '2015-06-24'),
(6, 1, 9, 1, '2015-06-25'),
(7, 1, 8, 1, '2015-06-25');

-- --------------------------------------------------------

--
-- Структура таблицы `vii_communities_stats`
--

CREATE TABLE IF NOT EXISTS `vii_communities_stats` (
  `gid` int(11) NOT NULL,
  `date` int(10) NOT NULL,
  `cnt` int(11) NOT NULL,
  `hits` int(11) NOT NULL,
  `new_users` int(11) NOT NULL,
  `exit_users` int(11) NOT NULL,
  `date_x` int(10) NOT NULL
) ENGINE=MyISAM DEFAULT CHARSET=utf8;

--
-- Дамп данных таблицы `vii_communities_stats`
--

INSERT INTO `vii_communities_stats` (`gid`, `date`, `cnt`, `hits`, `new_users`, `exit_users`, `date_x`) VALUES
(1, 1434747600, 2, 61, 1, 0, 1433106000),
(1, 1434834000, 1, 5, 0, 0, 1433106000),
(1, 1434920400, 1, 2, 0, 0, 1433106000),
(1, 1435006800, 1, 2, 1, 0, 1433106000),
(1, 1435093200, 5, 24, 1, 0, 1433106000),
(2, 1435093200, 2, 9, 0, 0, 1433106000),
(2, 1435179600, 4, 12, 2, 1, 1433106000),
(1, 1435179600, 3, 43, 0, 0, 1433106000),
(1, 1435266000, 5, 32, 1, 0, 1433106000),
(2, 1435266000, 2, 60, 1, 1, 1433106000),
(15, 1435266000, 0, 0, 1, 0, 1433106000);

-- --------------------------------------------------------

--
-- Структура таблицы `vii_communities_stats_log`
--

CREATE TABLE IF NOT EXISTS `vii_communities_stats_log` (
  `gid` int(11) NOT NULL,
  `user_id` int(11) NOT NULL,
  `act` tinyint(3) NOT NULL,
  `date` int(10) NOT NULL
) ENGINE=MyISAM DEFAULT CHARSET=utf8;

--
-- Дамп данных таблицы `vii_communities_stats_log`
--

INSERT INTO `vii_communities_stats_log` (`gid`, `user_id`, `act`, `date`) VALUES
(1, 1, 1, 1434747600),
(1, 1, 1, 1434834000),
(1, 1, 1, 1434920400),
(1, 1, 1, 1435093200),
(1, 1, 1, 1435179600),
(1, 1, 1, 1435266000),
(1, 4, 1, 1434747600),
(1, 4, 2, 1434747600),
(1, 4, 1, 1435266000),
(1, 5, 1, 1435006800),
(1, 5, 2, 1435006800),
(1, 5, 1, 1435093200),
(1, 5, 1, 1435179600),
(1, 8, 1, 1435093200),
(1, 9, 1, 1435093200),
(1, 10, 1, 1435093200),
(1, 10, 2, 1435093200),
(1, 10, 1, 1435179600),
(1, 11, 1, 1435266000),
(1, 11, 2, 1435266000),
(1, 15, 1, 1435266000),
(1, 16, 1, 1435266000),
(2, 1, 1, 1435093200),
(2, 1, 1, 1435179600),
(2, 1, 1, 1435266000),
(2, 1, 2, 1435266000),
(2, 1, 3, 1435266000),
(2, 5, 1, 1435179600),
(2, 5, 2, 1435179600),
(2, 5, 3, 1435179600),
(2, 9, 1, 1435179600),
(2, 9, 2, 1435179600),
(2, 10, 1, 1435093200),
(2, 10, 1, 1435179600),
(2, 15, 1, 1435266000),
(15, 1, 2, 1435266000);

-- --------------------------------------------------------

--
-- Структура таблицы `vii_communities_wall`
--

CREATE TABLE IF NOT EXISTS `vii_communities_wall` (
`id` int(11) unsigned NOT NULL,
  `public_id` int(11) unsigned NOT NULL,
  `text` text NOT NULL,
  `add_date` varchar(15) NOT NULL,
  `fast_comm_id` int(11) unsigned NOT NULL,
  `fasts_num` mediumint(8) unsigned NOT NULL,
  `likes_num` mediumint(8) unsigned NOT NULL,
  `likes_users` text NOT NULL,
  `attach` text NOT NULL,
  `tell_uid` int(11) unsigned NOT NULL,
  `tell_date` varchar(10) NOT NULL,
  `public` tinyint(1) unsigned NOT NULL,
  `tell_comm` text NOT NULL,
  `fixed` tinyint(1) unsigned NOT NULL
) ENGINE=MyISAM AUTO_INCREMENT=37 DEFAULT CHARSET=utf8;

--
-- Дамп данных таблицы `vii_communities_wall`
--

INSERT INTO `vii_communities_wall` (`id`, `public_id`, `text`, `add_date`, `fast_comm_id`, `fasts_num`, `likes_num`, `likes_users`, `attach`, `tell_uid`, `tell_date`, `public`, `tell_comm`, `fixed`) VALUES
(14, 1, 'Теперь GIF доступны в ЛС и новостях.', '1435173397', 0, 0, 3, 'u11|u10|u1|', '', 0, '', 0, '', 0),
(2, 1, 'Сделан раздел баги, туда Вы можете присылать найденные Вами баги. <br /><br />http://freend.ga/bugs', '1434789008', 0, 0, 3, 'u10|u4|u1|', '', 0, '', 0, '', 0),
(4, 1, 'Теперь Вы можете восстановить свою страницу, если удалили её.', '1434791603', 0, 0, 3, 'u10|u4|u1|', '', 0, '', 0, '', 0),
(5, 1, 'Обновлён логотип.', '1434796514', 0, 0, 2, 'u10|u1|', '', 0, '', 0, '', 0),
(7, 1, 'Обновлена главная страница сайта.', '1434819934', 0, 0, 2, 'u10|u1|', '', 0, '', 0, '', 0),
(11, 1, 'Сделаны гифки. Работают в сообществах и на страницах пользователей.', '1435167377', 0, 0, 2, 'u10|u1|', 'doc|6||doc|7||', 0, '', 0, '', 0),
(15, 2, 'Твою мышь!<br /><br />© Лего. Фильм', '1435177311', 0, 0, 1, 'u10|', '', 0, '', 0, '', 0),
(16, 2, 'Наконец-то хорошее настроение! А, нет, показалось. <br /><br />@ Третий лишний', '1435177355', 0, 0, 1, 'u10|', '', 0, '', 0, '', 0),
(17, 2, 'Как видишь, выбирать не так уж легко, когда ты лицом к лицу с теми, чьей кровью придется запачкать руки.<br /><br />© Пила 6', '1435177377', 0, 0, 1, 'u10|', '', 0, '', 0, '', 0),
(18, 2, '— Я всегда ненавидел звон колокола. Он всегда означает беду: смерть короля, осаду города...<br />— Свадьбу...<br />— Вот именно!<br /><br />© Игра престолов', '1435177384', 0, 0, 1, 'u10|', '', 0, '', 0, '', 0),
(19, 2, '— А какие у вас докУменты?<br />— Усы, лапы и хвост — вот мои документы! <br /><br />© Каникулы в Простоквашино', '1435177392', 0, 0, 1, 'u10|', '', 0, '', 0, '', 0),
(20, 2, 'Мы - исчезающий вид. Мы вымрем, потягивая виски и гоняя на крутых тачках. <br /><br />© Доктор Хаус', '1435177400', 0, 0, 1, 'u10|', '', 0, '', 0, '', 0),
(21, 2, 'Чтобы привлечь что-либо в свою жизнь, представь, будто оно уже там есть.<br /><br />©Алиса в стране чудес.', '1435177408', 0, 0, 1, 'u10|', '', 0, '', 0, '', 0),
(22, 2, '- Когда целый день бездельничаешь, приятно потом отдохнуть.<br /><br />© Король Лев 3: Акуна Матата', '1435177422', 0, 0, 1, 'u10|', '', 0, '', 0, '', 0),
(23, 2, '- Куда, мисс?<br />- К звездам!<br /><br />© Титаник', '1435177428', 0, 0, 1, 'u10|', '', 0, '', 0, '', 0),
(24, 2, '— Ты Золушка?<br />— Да, только никому не говори.<br /><br />© Питер FM', '1435177436', 0, 0, 2, 'u1|u10|', '', 0, '', 0, '', 0),
(25, 2, 'Главное в жизни — это семья. Карьера — не ждет тебя дома, деньги — не вытрут слезы, а слава — не обнимет ночью. <br /><br />© Ченнинг Татум', '1435177443', 0, 0, 2, 'u1|u10|', '', 0, '', 0, '', 0),
(26, 2, '— Кэп...была же решка..<br />— Сыроежка!<br /><br />© Меч 2', '1435177591', 0, 0, 1, 'u10|', '', 0, '', 0, '', 0),
(27, 2, 'Теперь вот такое предложение: а что, если…<br />- Не стоит.<br />- Ясно… Тогда, может быть, нужно…<br />- Не нужно.<br />- Понятно. Разрешите хотя бы…<br />- А вот это попробуйте.<br /><br />© «Бриллиантовая рука», 1968', '1435177657', 0, 0, 1, 'u10|', '', 0, '', 0, '', 0),
(28, 2, '— Боже мой, Алешенька, не прошло и 30 лет, как ты научился понимать французский!<br />— Ну, нужно быть очень крупным идиотом, чтобы не понять слово «такси». <br /><br />© Офицеры', '1435177701', 0, 0, 2, 'u1|u10|', '', 0, '', 0, '', 0),
(29, 2, '— Ну что, Юра, видать, и акулы сытыми бывают.<br />— А Микоша — никогда.<br /><br />© Пираты XX века', '1435177716', 0, 0, 1, 'u10|', '', 0, '', 0, '', 0),
(30, 2, '- Но ваш болван, взгляните, он хохочет!<br />- Хохочет? В самом деле, вот болван!<br /><br />© Король-олень', '1435177724', 0, 0, 1, 'u10|', '', 0, '', 0, '', 0),
(31, 2, '— Ты за мной ходишь. Почему?<br />— Ты маленькая, вдруг обидят!<br /><br />© Вам и не снилось…', '1435177743', 0, 0, 1, 'u10|', '', 0, '', 0, '', 0),
(32, 2, '— Что ты здесь делаешь? — спросил Медвежонок.<br />— Жду, когда ты выздоровеешь, — ответил Ёжик.<br />— Долго?<br />— Всю зиму. Я, как узнал, что ты объелся снегом — сразу перетащил все свои припасы к тебе…<br />— И всю зиму ты сидел возле меня на табуретке?<br />— Да, я поил тебя еловым отваром и прикладывал к животу сушёную травку…<br />— Не помню, — сказал Медвежонок.<br />— Еще бы! — вздохнул Ёжик. — Ты всю зиму говорил, что ты — снежинка. Я так боялся, что ты растаешь к весне…<br /><br />© Зимняя сказка', '1435177754', 0, 0, 1, 'u10|', '', 0, '', 0, '', 0),
(33, 2, '- Не он??<br />- Не он...<br />- Не я!!<br /><br />© Зайца не видали?', '1435177765', 0, 0, 2, 'u1|u10|', '', 0, '', 0, '', 0),
(34, 2, '— Куда ты меня привез?<br />— Колхоз «Светлый путь».<br />— Как «Светлый»? Не видно же ничего!<br /><br />© Возвращение блудного попугая', '1435177775', 0, 0, 2, 'u1|u10|', '', 0, '', 0, '', 0),
(35, 2, '', '1435178045', 0, 0, 2, 'u1|u10|', 'photo|b47088e0542d8b347ca8.jpg||', 0, '', 0, '', 1);

-- --------------------------------------------------------

--
-- Структура таблицы `vii_communities_wall_like`
--

CREATE TABLE IF NOT EXISTS `vii_communities_wall_like` (
  `rec_id` int(11) unsigned NOT NULL,
  `user_id` int(11) unsigned NOT NULL,
  `date` varchar(10) NOT NULL
) ENGINE=MyISAM DEFAULT CHARSET=utf8;

--
-- Дамп данных таблицы `vii_communities_wall_like`
--

INSERT INTO `vii_communities_wall_like` (`rec_id`, `user_id`, `date`) VALUES
(1, 1, '1434788222'),
(2, 1, '1434789009'),
(4, 1, '1434791604'),
(4, 4, '1434791664'),
(2, 4, '1434791664'),
(1, 4, '1434791665'),
(5, 1, '1434796516'),
(7, 1, '1434819935'),
(8, 1, '1434840382'),
(9, 1, '1435166757'),
(10, 1, '1435166787'),
(11, 1, '1435167379'),
(14, 1, '1435173398'),
(34, 10, '1435177790'),
(33, 10, '1435177793'),
(32, 10, '1435177794'),
(31, 10, '1435177795'),
(30, 10, '1435177796'),
(29, 10, '1435177797'),
(28, 10, '1435177798'),
(27, 10, '1435177799'),
(26, 10, '1435177800'),
(25, 10, '1435177802'),
(24, 10, '1435177802'),
(23, 10, '1435177803'),
(22, 10, '1435177804'),
(20, 10, '1435177806'),
(21, 10, '1435177806'),
(19, 10, '1435177808'),
(18, 10, '1435177809'),
(17, 10, '1435177809'),
(16, 10, '1435177810'),
(15, 10, '1435177811'),
(35, 10, '1435178052'),
(25, 1, '1435180974'),
(24, 1, '1435180975'),
(14, 10, '1435225108'),
(11, 10, '1435225108'),
(7, 10, '1435225110'),
(5, 10, '1435225111'),
(4, 10, '1435225113'),
(2, 10, '1435225115'),
(35, 1, '1435268434'),
(34, 1, '1435268589'),
(33, 1, '1435268589'),
(28, 1, '1435268871'),
(14, 11, '1435327021');

-- --------------------------------------------------------

--
-- Структура таблицы `vii_country`
--

CREATE TABLE IF NOT EXISTS `vii_country` (
`id` int(5) unsigned NOT NULL,
  `name` varchar(255) NOT NULL
) ENGINE=MyISAM AUTO_INCREMENT=16 DEFAULT CHARSET=utf8;

--
-- Дамп данных таблицы `vii_country`
--

INSERT INTO `vii_country` (`id`, `name`) VALUES
(4, 'Беларусь'),
(3, 'Казахстан'),
(2, 'Украина'),
(1, 'Россия'),
(5, 'Латвия'),
(6, 'Молдова'),
(7, 'Эстония'),
(8, 'Азербайджан'),
(9, 'Литва'),
(10, 'США');

-- --------------------------------------------------------

--
-- Структура таблицы `vii_doc`
--

CREATE TABLE IF NOT EXISTS `vii_doc` (
`did` int(11) unsigned NOT NULL,
  `duser_id` int(11) unsigned NOT NULL,
  `dname` varchar(255) NOT NULL,
  `dsize` varchar(10) NOT NULL,
  `ddate` varchar(10) NOT NULL,
  `ddownload_name` varchar(30) NOT NULL,
  `file_type` text NOT NULL,
  `jpgif` text NOT NULL
) ENGINE=MyISAM AUTO_INCREMENT=23 DEFAULT CHARSET=utf8;

--
-- Дамп данных таблицы `vii_doc`
--

INSERT INTO `vii_doc` (`did`, `duser_id`, `dname`, `dsize`, `ddate`, `ddownload_name`, `file_type`, `jpgif`) VALUES
(4, 1, 'file.gif', '1.95 Mb', '1435165534', '269e4c7be4a10c5096105125c.gif', 'gif', '269e4c7be4a10c5096105125c.jpg'),
(3, 1, '9.gif', '1.3 Mb', '1435165319', '082d5b6d349f43c6137f8e35e.gif', 'gif', '082d5b6d349f43c6137f8e35e.jpg'),
(5, 1, 'document.gif', '674.86 Kb', '1435165591', 'a8b52a870ec0b76e39b48c4b7.gif', 'gif', 'a8b52a870ec0b76e39b48c4b7.jpg'),
(6, 1, '8.gif', '937.52 Kb', '1435167370', 'b4e2e2e8697964dcb28fb8ab1.gif', 'gif', 'b4e2e2e8697964dcb28fb8ab1.jpg'),
(7, 1, 'file2390.gif', '1.99 Mb', '1435167376', '7371339d5401e5830a215333c.gif', 'gif', '7371339d5401e5830a215333c.jpg'),
(8, 1, '0_13e74_f4173c8e_L.gif', '77.74 Kb', '1435167443', '15b28a982285329d5877bd337.gif', 'gif', '15b28a982285329d5877bd337.jpg'),
(9, 1, 'http__vk_com_ero_gifki.gif', '853.84 Kb', '1435167466', 'f87a7fb55de7e313cc0eaab1d.gif', 'gif', 'f87a7fb55de7e313cc0eaab1d.jpg'),
(10, 1, 'facepalm.gif', '1.51 Mb', '1435167561', '78fe6fd84db1faff1d4d99ffa.gif', 'gif', '78fe6fd84db1faff1d4d99ffa.jpg'),
(11, 1, 'Screenshot_4.png', '126.4 Kb', '1435174993', 'c01f617751dbb4c80940a1597.png', 'png', ''),
(12, 10, 'ukr.gif', '817.94 Kb', '1435176839', '163f04f81d5853fd9b3600e48.gif', 'gif', '163f04f81d5853fd9b3600e48.jpg'),
(13, 5, 'tumblr_lyhvp7mPlL1qdfg4jo1_500.gif', '985.78 Kb', '1435200001', 'd97e0d01d259e2b37af2c1596.gif', 'gif', 'd97e0d01d259e2b37af2c1596.jpg'),
(14, 1, '8.gif', '937.52 Kb', '1435229698', '4b79b3339f8399024439efd7d.gif', 'gif', '4b79b3339f8399024439efd7d.jpg'),
(16, 1, 'GGbhGT4a.gif', '3.35 Mb', '1435229711', '1122278c2989fafec3a4029c3.gif', 'gif', '1122278c2989fafec3a4029c3.jpg'),
(17, 1, '1389850199933_clipp.gif', '2.52 Mb', '1435229716', 'e142afe85a4aad184ce6cc28d.gif', 'gif', 'e142afe85a4aad184ce6cc28d.jpg'),
(18, 1, 'oyoyoy.gif', '133.14 Kb', '1435229719', 'c9b8ff2ee69c9d7964ba37f6b.gif', 'gif', 'c9b8ff2ee69c9d7964ba37f6b.jpg'),
(19, 1, 'shutnik.gif', '660.52 Kb', '1435229727', '51bbdf5563724a6ea1792671e.gif', 'gif', '51bbdf5563724a6ea1792671e.jpg'),
(20, 5, 'krutyak.gif', '950.39 Kb', '1435230071', '56085e359f569a74508eef0d8.gif', 'gif', '56085e359f569a74508eef0d8.jpg'),
(21, 12, 'flat-dropdown-menu-psd-47077.jpg', '21.52 Kb', '1435260641', '847d6942d5bc7436627278661.jpg', 'jpg', ''),
(22, 13, 'tumblr_nc434cjIVK1qckkfko1_500.gif', '1.97 Mb', '1435262098', 'a3327618da7b49ecdbb854fdd.gif', 'gif', 'a3327618da7b49ecdbb854fdd.jpg');

-- --------------------------------------------------------

--
-- Структура таблицы `vii_fave`
--

CREATE TABLE IF NOT EXISTS `vii_fave` (
  `user_id` int(11) unsigned NOT NULL,
  `fave_id` int(11) unsigned NOT NULL,
  `date` datetime NOT NULL
) ENGINE=MyISAM DEFAULT CHARSET=utf8;

-- --------------------------------------------------------

--
-- Структура таблицы `vii_friends`
--

CREATE TABLE IF NOT EXISTS `vii_friends` (
  `user_id` int(11) NOT NULL,
  `friend_id` int(11) unsigned NOT NULL,
  `friends_date` datetime NOT NULL,
  `subscriptions` tinyint(3) unsigned NOT NULL,
  `views` mediumint(8) unsigned NOT NULL
) ENGINE=MyISAM DEFAULT CHARSET=utf8;

--
-- Дамп данных таблицы `vii_friends`
--

INSERT INTO `vii_friends` (`user_id`, `friend_id`, `friends_date`, `subscriptions`, `views`) VALUES
(1, 1, '2015-06-20 11:14:51', 2, 0),
(4, 1, '2015-06-20 12:14:23', 2, 0),
(1, 4, '2015-06-20 12:15:08', 0, 91),
(4, 1, '2015-06-20 12:15:08', 0, 6),
(5, 1, '2015-06-23 10:56:13', 0, 21),
(1, 5, '2015-06-23 10:56:13', 0, 87),
(1, 7, '2015-06-23 11:20:38', 0, 33),
(7, 1, '2015-06-23 11:20:38', 0, 0),
(5, 1, '2015-06-23 11:34:13', 2, 0),
(1, 9, '2015-06-24 21:39:38', 0, 21),
(9, 1, '2015-06-24 21:39:38', 0, 4),
(10, 1, '2015-06-24 22:50:59', 2, 0),
(1, 10, '2015-06-24 22:54:45', 0, 22),
(10, 1, '2015-06-24 22:54:45', 0, 1),
(10, 2, '2015-06-24 23:17:59', 2, 0),
(9, 2, '2015-06-25 00:05:55', 2, 0),
(8, 1, '2015-06-25 12:58:58', 0, 3),
(1, 8, '2015-06-25 12:58:58', 0, 40),
(11, 1, '2015-06-26 00:34:17', 0, 3),
(1, 11, '2015-06-26 00:34:17', 0, 12),
(1, 16, '2015-06-26 16:11:47', 0, 1),
(11, 1, '2015-06-26 00:48:40', 2, 0),
(16, 1, '2015-06-26 16:11:47', 0, 0),
(1, 2, '2015-06-26 17:08:39', 2, 0),
(1, 17, '2015-06-26 19:34:59', 0, 2),
(17, 1, '2015-06-26 19:34:59', 0, 0),
(1, 15, '2015-06-26 20:22:18', 2, 0),
(1, 15, '2015-06-26 20:22:19', 2, 0),
(18, 1, '2015-06-26 20:32:09', 0, 1),
(1, 18, '2015-06-26 20:32:09', 0, 0);

-- --------------------------------------------------------

--
-- Структура таблицы `vii_friends_demands`
--

CREATE TABLE IF NOT EXISTS `vii_friends_demands` (
  `for_user_id` int(11) unsigned NOT NULL,
  `from_user_id` int(11) unsigned NOT NULL,
  `demand_date` datetime NOT NULL
) ENGINE=MyISAM DEFAULT CHARSET=utf8;

--
-- Дамп данных таблицы `vii_friends_demands`
--

INSERT INTO `vii_friends_demands` (`for_user_id`, `from_user_id`, `demand_date`) VALUES
(6, 1, '2015-06-26 20:20:49'),
(12, 1, '2015-06-25 22:42:23'),
(13, 1, '2015-06-26 20:20:58');

-- --------------------------------------------------------

--
-- Структура таблицы `vii_games`
--

CREATE TABLE IF NOT EXISTS `vii_games` (
`id` int(11) NOT NULL,
  `poster` varchar(25) NOT NULL,
  `title` varchar(200) NOT NULL,
  `descr` text NOT NULL,
  `flash` varchar(255) NOT NULL,
  `traf` int(11) NOT NULL,
  `date` varchar(10) NOT NULL,
  `width` smallint(6) NOT NULL,
  `height` smallint(6) NOT NULL
) ENGINE=MyISAM AUTO_INCREMENT=2 DEFAULT CHARSET=utf8;

--
-- Дамп данных таблицы `vii_games`
--

INSERT INTO `vii_games` (`id`, `poster`, `title`, `descr`, `flash`, `traf`, `date`, `width`, `height`) VALUES
(1, '0eb8395d2ef2dc545c68.jpg', 'Губка Боб участвует в гонках', 'Спанч Боб - фактически превосходный скоростной гонщик. Ты можешь часто видеть, как он мчится по подземной автостраде. У тебя есть возможность погонять вместе с другом и многому научиться у него.', '65dafa59883c2b6e66ab.swf', 1, '1393261670', 795, 495);

-- --------------------------------------------------------

--
-- Структура таблицы `vii_games_activity`
--

CREATE TABLE IF NOT EXISTS `vii_games_activity` (
  `user_id` int(11) NOT NULL,
  `action` tinyint(2) NOT NULL,
  `date` varchar(10) NOT NULL,
  `game_id` int(11) NOT NULL
) ENGINE=MyISAM DEFAULT CHARSET=utf8;

--
-- Дамп данных таблицы `vii_games_activity`
--

INSERT INTO `vii_games_activity` (`user_id`, `action`, `date`, `game_id`) VALUES
(1, 1, '1434814446', 1),
(1, 2, '1434970604', 1);

-- --------------------------------------------------------

--
-- Структура таблицы `vii_games_files`
--

CREATE TABLE IF NOT EXISTS `vii_games_files` (
  `game_id` int(11) NOT NULL,
  `user_id` int(11) NOT NULL,
  `file` varchar(25) NOT NULL,
  `hash` varchar(32) NOT NULL,
  `type` varchar(20) NOT NULL
) ENGINE=MyISAM DEFAULT CHARSET=utf8;

--
-- Дамп данных таблицы `vii_games_files`
--

INSERT INTO `vii_games_files` (`game_id`, `user_id`, `file`, `hash`, `type`) VALUES
(1, 1, '0eb8395d2ef2dc545c68.jpg', '03aeafe25b1037f0e1cd6622c47e4413', 'poster'),
(1, 1, '65dafa59883c2b6e66ab.swf', '03aeafe25b1037f0e1cd6622c47e4413', 'swf'),
(1, 1, '02be94644e6491869490.png', '03aeafe25b1037f0e1cd6622c47e4413', 'scrin'),
(1, 1, 'd8ca5b2f12d3119e253f.png', '03aeafe25b1037f0e1cd6622c47e4413', 'scrin'),
(1, 1, '3b631e1fb3651a566136.png', '03aeafe25b1037f0e1cd6622c47e4413', 'scrin');

-- --------------------------------------------------------

--
-- Структура таблицы `vii_games_users`
--

CREATE TABLE IF NOT EXISTS `vii_games_users` (
  `user_id` int(11) NOT NULL,
  `game_id` int(11) NOT NULL,
  `setdate` varchar(10) NOT NULL,
  `lastdate` varchar(10) NOT NULL
) ENGINE=MyISAM DEFAULT CHARSET=utf8;

--
-- Дамп данных таблицы `vii_games_users`
--

INSERT INTO `vii_games_users` (`user_id`, `game_id`, `setdate`, `lastdate`) VALUES
(1, 1, '1434814446', '1434970604');

-- --------------------------------------------------------

--
-- Структура таблицы `vii_gifts`
--

CREATE TABLE IF NOT EXISTS `vii_gifts` (
`gid` int(11) unsigned NOT NULL,
  `uid` int(11) unsigned NOT NULL,
  `from_uid` int(11) unsigned NOT NULL,
  `gift` varchar(10) NOT NULL,
  `msg` varchar(200) NOT NULL,
  `privacy` tinyint(3) unsigned NOT NULL,
  `gdate` varchar(10) NOT NULL,
  `status` tinyint(3) unsigned NOT NULL
) ENGINE=MyISAM AUTO_INCREMENT=24 DEFAULT CHARSET=utf8;

--
-- Дамп данных таблицы `vii_gifts`
--

INSERT INTO `vii_gifts` (`gid`, `uid`, `from_uid`, `gift`, `msg`, `privacy`, `gdate`, `status`) VALUES
(1, 4, 1, '500', '', 1, '1434791957', 1),
(2, 4, 1, '501', '', 1, '1434792078', 1),
(3, 4, 1, '500', '', 1, '1434792192', 1),
(4, 4, 1, '412', '', 1, '1434792197', 1),
(5, 4, 1, '412', '', 1, '1434792265', 1),
(6, 4, 1, '412', '', 1, '1434792271', 1),
(7, 4, 1, '299', '', 1, '1434797333', 1),
(8, 5, 1, '502', '', 1, '1434815320', 0),
(9, 1, 4, '502', '', 1, '1434831448', 0),
(10, 4, 1, '411', '', 1, '1434831553', 1),
(11, 4, 1, '502', '', 1, '1434831576', 1),
(12, 4, 1, '502', '', 1, '1434831585', 1),
(13, 4, 1, '109', '', 1, '1434895446', 1),
(14, 5, 1, '500', '', 1, '1435047702', 0),
(15, 1, 5, '502', '', 3, '1435048498', 0),
(16, 5, 1, '502', '', 1, '1435058354', 1),
(17, 5, 1, '502', '', 1, '1435058359', 1),
(18, 5, 1, '502', '', 1, '1435058372', 1),
(19, 10, 1, '502', '', 1, '1435176878', 1),
(20, 9, 1, '502', '', 1, '1435256272', 1),
(21, 12, 1, '502', '', 1, '1435261353', 1),
(22, 8, 1, '30', '', 2, '1435272254', 1),
(23, 8, 1, '500', 'test', 2, '1435328550', 1);

-- --------------------------------------------------------

--
-- Структура таблицы `vii_gifts_list`
--

CREATE TABLE IF NOT EXISTS `vii_gifts_list` (
`gid` int(11) NOT NULL,
  `img` varchar(50) NOT NULL,
  `price` mediumint(8) NOT NULL
) ENGINE=MyISAM AUTO_INCREMENT=83 DEFAULT CHARSET=utf8;

--
-- Дамп данных таблицы `vii_gifts_list`
--

INSERT INTO `vii_gifts_list` (`gid`, `img`, `price`) VALUES
(8, '11', 30),
(9, '14', 3),
(10, '22', 2),
(11, '25', 8),
(12, '30', 5),
(13, '34', 4),
(14, '36', 3),
(15, '37', 6),
(16, '39', 4),
(17, '42', 4),
(18, '49', 15),
(19, '54', 50),
(20, '56', 7),
(21, '57', 4),
(22, '67', 2),
(23, '75', 9),
(24, '90', 4),
(25, '101', 2),
(26, '106', 7),
(27, '109', 6),
(28, '111', 3),
(29, '112', 5),
(30, '120', 10),
(31, '148', 9),
(32, '164', 3),
(33, '169', 8),
(34, '180', 2),
(35, '181', 8),
(36, '182', 12),
(37, '184', 7),
(38, '185', 7),
(39, '186', 75),
(40, '195', 7),
(41, '196', 8),
(42, '197', 9),
(43, '198', 8),
(44, '199', 4),
(45, '201', 5),
(46, '202', 2),
(47, '205', 3),
(48, '213', 19),
(49, '220', 20),
(50, '242', 18),
(51, '248', 19),
(52, '249', 12),
(53, '250', 13),
(54, '257', 1),
(55, '261', 2),
(56, '273', 7),
(57, '277', 8),
(58, '299', 6),
(59, '329', 7),
(60, '332', 2),
(61, '338', 3),
(62, '347', 4),
(63, '349', 3),
(64, '350', 3),
(65, '362', 2),
(66, '373', 4),
(67, '377', 3),
(68, '407', 5),
(69, '408', 4),
(70, '409', 8),
(71, '410', 7),
(72, '411', 10),
(73, '412', 9),
(74, '413', 5),
(75, '414', 4),
(76, '415', 15),
(77, '416', 14),
(78, '417', 2),
(79, '500', 25),
(80, '501', 30),
(82, '502', 1);

-- --------------------------------------------------------

--
-- Структура таблицы `vii_guests`
--

CREATE TABLE IF NOT EXISTS `vii_guests` (
  `ouid` int(11) NOT NULL,
  `guid` int(11) NOT NULL,
  `gdate` varchar(10) NOT NULL,
  `new` tinyint(1) NOT NULL
) ENGINE=MyISAM DEFAULT CHARSET=utf8;

--
-- Дамп данных таблицы `vii_guests`
--

INSERT INTO `vii_guests` (`ouid`, `guid`, `gdate`, `new`) VALUES
(1, 4, '1435337660', 1),
(4, 1, '1435338730', 1),
(1, 5, '1435331012', 1),
(5, 1, '1435340652', 1),
(6, 1, '1434826467', 1),
(1, 7, '1435046542', 0),
(5, 7, '1435047411', 0),
(7, 1, '1435337523', 1),
(4, 5, '1435048464', 1),
(1, 8, '1435250152', 0),
(4, 8, '1435145832', 1),
(8, 5, '1435211018', 0),
(5, 8, '1435152880', 0),
(8, 1, '1435340717', 1),
(1, 9, '1435216791', 0),
(9, 1, '1435337597', 1),
(8, 10, '1435175406', 0),
(1, 10, '1435177869', 0),
(9, 10, '1435225087', 1),
(10, 1, '1435340846', 1),
(8, 9, '1435180433', 0),
(10, 5, '1435217019', 0),
(1, 11, '1435327004', 1),
(10, 8, '1435231159', 1),
(11, 1, '1435340706', 1),
(6, 5, '1435233871', 1),
(1, 12, '1435260581', 1),
(12, 1, '1435261354', 1),
(13, 1, '1435339261', 1),
(12, 4, '1435274054', 1),
(1, 15, '1435333158', 1),
(1, 16, '1435318867', 1),
(16, 1, '1435324950', 1),
(15, 1, '1435328504', 1),
(1, 17, '1435336490', 1),
(17, 1, '1435336545', 1),
(18, 1, '1435339917', 1),
(1, 18, '1435339929', 1);

-- --------------------------------------------------------

--
-- Структура таблицы `vii_im`
--

CREATE TABLE IF NOT EXISTS `vii_im` (
  `iuser_id` int(11) unsigned NOT NULL,
  `im_user_id` int(11) unsigned NOT NULL,
  `idate` varchar(10) NOT NULL,
  `msg_num` mediumint(8) unsigned NOT NULL,
  `all_msg_num` int(11) unsigned NOT NULL
) ENGINE=MyISAM DEFAULT CHARSET=utf8;

--
-- Дамп данных таблицы `vii_im`
--

INSERT INTO `vii_im` (`iuser_id`, `im_user_id`, `idate`, `msg_num`, `all_msg_num`) VALUES
(4, 1, '1435274025', 0, 24),
(1, 11, '1435268098', 0, 4),
(1, 5, '1435336376', 0, 55),
(5, 1, '1435336376', 2, 55),
(1, 9, '1435265092', 0, 50),
(9, 1, '1435265092', 12, 50),
(10, 1, '1435180962', 0, 16),
(1, 10, '1435180962', 0, 16),
(1, 4, '1435274025', 0, 1),
(11, 1, '1435268098', 0, 4),
(15, 1, '1435326967', 0, 31),
(1, 15, '1435326967', 0, 31),
(1, 17, '1435336582', 0, 10),
(17, 1, '1435336582', 1, 10),
(1, 18, '1435339926', 0, 1),
(18, 1, '1435339926', 0, 1);

-- --------------------------------------------------------

--
-- Структура таблицы `vii_invites`
--

CREATE TABLE IF NOT EXISTS `vii_invites` (
  `uid` int(11) NOT NULL,
  `ruid` int(11) NOT NULL
) ENGINE=MyISAM DEFAULT CHARSET=utf8;

-- --------------------------------------------------------

--
-- Структура таблицы `vii_log`
--

CREATE TABLE IF NOT EXISTS `vii_log` (
  `uid` int(11) NOT NULL,
  `browser` text NOT NULL,
  `ip` varchar(15) NOT NULL
) ENGINE=MyISAM DEFAULT CHARSET=utf8;

--
-- Дамп данных таблицы `vii_log`
--

INSERT INTO `vii_log` (`uid`, `browser`, `ip`) VALUES
(2, 'Mozilla/5.0 (Windows NT 6.1; WOW64) AppleWebKit/537.36 (KHTML, like Gecko) Chrome/43.0.2357.124 Safari/537.36', '128.70.151.34'),
(3, 'Mozilla/5.0 (Windows NT 6.1; WOW64) AppleWebKit/537.36 (KHTML, like Gecko) Chrome/43.0.2357.124 Safari/537.36', '128.70.151.34'),
(4, 'Mozilla/5.0 (Windows NT 6.1; WOW64) AppleWebKit/537.36 (KHTML, like Gecko) Chrome/43.0.2357.130 Safari/537.36', '95.31.62.76'),
(5, 'Mozilla/5.0 (Windows NT 6.3; WOW64) AppleWebKit/537.36 (KHTML, like Gecko) Chrome/43.0.2357.125 Safari/537.36 OPR/30.0.1835.88', '188.168.16.216'),
(6, 'Mozilla/5.0 (Windows NT 6.1; WOW64) AppleWebKit/537.36 (KHTML, like Gecko) Chrome/43.0.2357.124 Safari/537.36', '37.147.222.36'),
(7, 'Mozilla/5.0 (Windows NT 6.1) AppleWebKit/537.36 (KHTML, like Gecko) Chrome/43.0.2357.124 Safari/537.36', '31.207.207.235'),
(8, 'Mozilla/5.0 (Windows NT 6.1; WOW64) AppleWebKit/537.36 (KHTML, like Gecko) Chrome/42.0.2311.152 YaBrowser/15.6.2311.4046 Safari/537.36', '5.45.192.116'),
(9, 'Mozilla/5.0 (Linux; Android 4.4.2; Pulsar Build/KRT16L) AppleWebKit/537.36 (KHTML, like Gecko) Chrome/40.0.2214.109 Mobile Safari/537.36', '217.118.81.210'),
(10, 'Mozilla/5.0 (Windows NT 6.1) AppleWebKit/537.36 (KHTML, like Gecko) Chrome/43.0.2357.125 Safari/537.36 OPR/30.0.1835.88', '37.29.74.10'),
(11, 'Mozilla/5.0 (Windows NT 6.3; WOW64) AppleWebKit/537.36 (KHTML, like Gecko) Chrome/32.0.1723.105 Amigo/32.0.1723.105 MRCHROME SOC Safari/537.36', '87.119.244.130'),
(12, 'Mozilla/5.0 (Windows NT 6.2; WOW64) AppleWebKit/537.36 (KHTML, like Gecko) Chrome/43.0.2357.81 Safari/537.36 OPR/30.0.1835.59', '134.255.143.199'),
(13, 'Mozilla/5.0 (Windows NT 6.1) AppleWebKit/537.36 (KHTML, like Gecko) Chrome/32.0.1709.113 Amigo/32.0.1709.113 MRCHROME SOC Safari/537.36', '212.86.230.198'),
(14, 'Mozilla/5.0 (Windows NT 6.1) AppleWebKit/537.36 (KHTML, like Gecko) Chrome/41.0.2272.118 YaBrowser/15.4.2272.3716 Safari/537.36', '178.251.111.194'),
(15, 'Mozilla/5.0 (Windows NT 6.1; rv:38.0) Gecko/20100101 Firefox/38.0', '178.126.114.117'),
(16, 'Mozilla/5.0 (Windows NT 6.3; WOW64) AppleWebKit/537.36 (KHTML, like Gecko) Chrome/43.0.2357.130 Safari/537.36', '94.20.224.91'),
(17, 'Mozilla/5.0 (Windows NT 6.1) AppleWebKit/537.36 (KHTML, like Gecko) Chrome/41.0.2272.118 YaBrowser/15.4.2272.3716 Safari/537.36', '178.159.30.244'),
(18, 'Mozilla/5.0 (Windows NT 6.3; WOW64) AppleWebKit/537.36 (KHTML, like Gecko) Chrome/43.0.2357.130 Safari/537.36', '46.0.78.201');

-- --------------------------------------------------------

--
-- Структура таблицы `vii_mail_tpl`
--

CREATE TABLE IF NOT EXISTS `vii_mail_tpl` (
`id` mediumint(8) NOT NULL,
  `text` text NOT NULL
) ENGINE=MyISAM DEFAULT CHARSET=utf8;

-- --------------------------------------------------------

--
-- Структура таблицы `vii_messages`
--

CREATE TABLE IF NOT EXISTS `vii_messages` (
`id` int(11) unsigned NOT NULL,
  `theme` varchar(255) NOT NULL,
  `text` text NOT NULL,
  `for_user_id` int(11) unsigned NOT NULL,
  `from_user_id` int(11) unsigned NOT NULL,
  `history_user_id` int(11) unsigned NOT NULL,
  `date` varchar(15) NOT NULL,
  `pm_read` char(3) NOT NULL,
  `folder` varchar(10) NOT NULL,
  `attach` text NOT NULL,
  `tell_uid` int(11) unsigned NOT NULL,
  `tell_date` varchar(10) NOT NULL,
  `public` tinyint(2) unsigned NOT NULL,
  `tell_comm` text NOT NULL
) ENGINE=MyISAM AUTO_INCREMENT=383 DEFAULT CHARSET=utf8;

--
-- Дамп данных таблицы `vii_messages`
--

INSERT INTO `vii_messages` (`id`, `theme`, `text`, `for_user_id`, `from_user_id`, `history_user_id`, `date`, `pm_read`, `folder`, `attach`, `tell_uid`, `tell_date`, `public`, `tell_comm`) VALUES
(282, '...', 'как тебе сайт?:)', 1, 5, 1, '1435317571', 'yes', 'outbox', '', 0, '', 0, ''),
(2, '...', 'ку ку', 4, 1, 4, '1434791658', 'yes', 'outbox', '', 0, '', 0, ''),
(281, '...', 'как тебе сайт?:)', 5, 1, 1, '1435317571', 'yes', 'inbox', '', 0, '', 0, ''),
(4, '...', '', 4, 1, 4, '1434791699', 'yes', 'outbox', 'smile|17.png||smile|17.png||smile|17.png||', 0, '', 0, ''),
(5, '...', '', 4, 1, 1, '1434791804', 'yes', 'inbox', 'smile|59.png||smile|59.png||smile|59.png||', 0, '', 0, ''),
(280, '...', 'не слушаю такое:)', 5, 1, 5, '1435288174', 'yes', 'outbox', '', 0, '', 0, ''),
(7, '...', '', 4, 1, 1, '1434795747', 'yes', 'inbox', 'smile|23.png||smile|23.png||smile|23.png||smile|23.png||', 0, '', 0, ''),
(279, '...', 'не слушаю такое:)', 1, 5, 5, '1435288174', 'yes', 'inbox', '', 0, '', 0, ''),
(9, '...', 'норм ты как?))', 4, 1, 1, '1434820644', 'yes', 'inbox', '', 0, '', 0, ''),
(11, '...', '', 4, 1, 1, '1434820673', 'yes', 'inbox', 'audio|6||', 0, '', 0, ''),
(13, '...', 'ыыыыы', 4, 1, 1, '1434820731', 'yes', 'inbox', '', 0, '', 0, ''),
(276, '...', '', 4, 1, 4, '1435273960', 'yes', 'outbox', 'photo_u|attach|6a0ae7cb4d822c296557.png||', 0, '', 0, ''),
(15, '...', '', 4, 1, 1, '1434821791', 'yes', 'inbox', 'smile|16.png||smile|16.png||smile|16.png||', 0, '', 0, ''),
(275, '...', '', 1, 4, 4, '1435273960', 'yes', 'inbox', 'photo_u|attach|6a0ae7cb4d822c296557.png||', 0, '', 0, ''),
(18, '...', 'sss', 4, 1, 4, '1434831429', 'yes', 'outbox', '', 0, '', 0, ''),
(274, '...', 'скоро будет еще лучше:)', 1, 11, 1, '1435268098', 'yes', 'outbox', '', 0, '', 0, ''),
(20, '...', 'пввппвв', 4, 1, 4, '1434831453', 'yes', 'outbox', '', 0, '', 0, ''),
(22, '...', 'пввпвп', 4, 1, 4, '1434831456', 'yes', 'outbox', '', 0, '', 0, ''),
(273, '...', 'скоро будет еще лучше:)', 11, 1, 1, '1435268098', 'yes', 'inbox', '', 0, '', 0, ''),
(24, '...', 'вппвпв', 4, 1, 4, '1434831459', 'yes', 'outbox', '', 0, '', 0, ''),
(26, '...', 'ыааыаы', 4, 1, 4, '1434831547', 'yes', 'outbox', '', 0, '', 0, ''),
(27, '...', 'ааа', 4, 1, 1, '1434831562', 'yes', 'inbox', '', 0, '', 0, ''),
(271, '...', ':))))', 11, 1, 1, '1435268091', 'yes', 'inbox', '', 0, '', 0, ''),
(29, '...', 'ыыыы', 4, 1, 1, '1434831566', 'yes', 'inbox', '', 0, '', 0, ''),
(270, '...', 'Да', 11, 1, 11, '1435268067', 'yes', 'outbox', '', 0, '', 0, ''),
(31, '...', 'вппввпвп', 4, 1, 1, '1434831572', 'yes', 'inbox', '', 0, '', 0, ''),
(269, '...', 'Да', 1, 11, 11, '1435268067', 'yes', 'inbox', '', 0, '', 0, ''),
(268, '...', 'норм?)', 1, 11, 1, '1435268056', 'yes', 'outbox', '', 0, '', 0, ''),
(34, '...', '', 4, 1, 4, '1434831598', 'yes', 'outbox', 'smile|8.png||smile|26.png||', 0, '', 0, ''),
(272, '...', ':))))', 1, 11, 1, '1435268091', 'yes', 'outbox', '', 0, '', 0, ''),
(35, '...', 'норм', 4, 1, 1, '1434831614', 'yes', 'inbox', '', 0, '', 0, ''),
(267, '...', 'норм?)', 11, 1, 1, '1435268056', 'yes', 'inbox', '', 0, '', 0, ''),
(38, '...', 'ыыыы', 4, 1, 4, '1434831621', 'yes', 'outbox', '', 0, '', 0, ''),
(39, '...', 'ыы', 4, 1, 1, '1434833325', 'yes', 'inbox', '', 0, '', 0, ''),
(266, '...', 'ну как тебе  начало?:)', 1, 5, 1, '1435265136', 'yes', 'outbox', '', 0, '', 0, ''),
(41, '...', 'ыыыы', 4, 1, 1, '1434970385', 'yes', 'inbox', '', 0, '', 0, ''),
(277, '...', 'норм:)', 4, 1, 1, '1435274025', 'yes', 'inbox', '', 0, '', 0, ''),
(43, '...', 'ку', 5, 1, 1, '1435047711', 'yes', 'inbox', '', 0, '', 0, ''),
(44, '...', 'ку', 1, 5, 1, '1435047711', 'yes', 'outbox', '', 0, '', 0, ''),
(45, '...', 're', 1, 5, 5, '1435048263', 'yes', 'inbox', '', 0, '', 0, ''),
(46, '...', 're', 5, 1, 5, '1435048263', 'yes', 'outbox', '', 0, '', 0, ''),
(47, '...', 'ку', 1, 5, 5, '1435048266', 'yes', 'inbox', '', 0, '', 0, ''),
(48, '...', 'ку', 5, 1, 5, '1435048266', 'yes', 'outbox', '', 0, '', 0, ''),
(49, '...', 'ну как тебе', 5, 1, 1, '1435055978', 'yes', 'inbox', '', 0, '', 0, ''),
(50, '...', 'ну как тебе', 1, 5, 1, '1435055978', 'yes', 'outbox', '', 0, '', 0, ''),
(51, '...', '', 5, 1, 1, '1435055983', 'yes', 'inbox', 'smile|7.png||smile|7.png||smile|7.png||', 0, '', 0, ''),
(52, '...', '', 1, 5, 1, '1435055983', 'yes', 'outbox', 'smile|7.png||smile|7.png||smile|7.png||', 0, '', 0, ''),
(53, '...', 'сайт? эм, нечего сказать', 1, 5, 5, '1435057848', 'yes', 'inbox', '', 0, '', 0, ''),
(54, '...', 'сайт? эм, нечего сказать', 5, 1, 5, '1435057848', 'yes', 'outbox', '', 0, '', 0, ''),
(55, '...', 'Почему', 5, 1, 1, '1435058326', 'yes', 'inbox', '', 0, '', 0, ''),
(56, '...', 'Почему', 1, 5, 1, '1435058326', 'yes', 'outbox', '', 0, '', 0, ''),
(57, '...', 'я много чего сделал и буду делать))', 5, 1, 1, '1435058337', 'yes', 'inbox', '', 0, '', 0, ''),
(58, '...', 'я много чего сделал и буду делать))', 1, 5, 1, '1435058337', 'yes', 'outbox', '', 0, '', 0, ''),
(59, '...', '', 5, 1, 1, '1435058344', 'yes', 'inbox', 'smile|59.png||smile|59.png||smile|59.png||', 0, '', 0, ''),
(60, '...', '', 1, 5, 1, '1435058344', 'yes', 'outbox', 'smile|59.png||smile|59.png||smile|59.png||', 0, '', 0, ''),
(61, '...', '', 1, 5, 5, '1435059935', 'yes', 'inbox', 'smile|17.png||smile|63.png||', 0, '', 0, ''),
(62, '...', '', 5, 1, 5, '1435059935', 'yes', 'outbox', 'smile|17.png||smile|63.png||', 0, '', 0, ''),
(63, '...', '', 5, 1, 1, '1435061202', 'yes', 'inbox', 'smile|7.png||', 0, '', 0, ''),
(64, '...', '', 1, 5, 1, '1435061202', 'yes', 'outbox', 'smile|7.png||', 0, '', 0, ''),
(65, '...', 'http://freend.ru', 1, 5, 5, '1435062155', 'yes', 'inbox', '', 0, '', 0, ''),
(66, '...', 'http://freend.ru', 5, 1, 5, '1435062155', 'yes', 'outbox', '', 0, '', 0, ''),
(67, '...', 'оО', 1, 5, 5, '1435062157', 'yes', 'inbox', '', 0, '', 0, ''),
(68, '...', 'оО', 5, 1, 5, '1435062157', 'yes', 'outbox', '', 0, '', 0, ''),
(69, '...', '', 5, 1, 1, '1435062556', 'yes', 'inbox', 'smile|7.png||', 0, '', 0, ''),
(70, '...', '', 1, 5, 1, '1435062556', 'yes', 'outbox', 'smile|7.png||', 0, '', 0, ''),
(71, '...', '', 1, 5, 5, '1435062598', 'yes', 'inbox', 'smile|28.png||', 0, '', 0, ''),
(72, '...', '', 5, 1, 5, '1435062598', 'yes', 'outbox', 'smile|28.png||', 0, '', 0, ''),
(73, '...', 'xt', 5, 1, 1, '1435062727', 'yes', 'inbox', '', 0, '', 0, ''),
(74, '...', 'xt', 1, 5, 1, '1435062727', 'yes', 'outbox', '', 0, '', 0, ''),
(75, '...', 'че', 5, 1, 1, '1435062728', 'yes', 'inbox', '', 0, '', 0, ''),
(76, '...', 'че', 1, 5, 1, '1435062728', 'yes', 'outbox', '', 0, '', 0, ''),
(77, '...', 'ниче', 1, 5, 5, '1435062755', 'yes', 'inbox', 'smile|3.png||', 0, '', 0, ''),
(78, '...', 'ниче', 5, 1, 5, '1435062755', 'yes', 'outbox', 'smile|3.png||', 0, '', 0, ''),
(79, '...', '=)', 5, 1, 1, '1435063949', 'yes', 'inbox', 'smile|5.png||smile|5.png||smile|5.png||', 0, '', 0, ''),
(80, '...', '=)', 1, 5, 1, '1435063949', 'yes', 'outbox', 'smile|5.png||smile|5.png||smile|5.png||', 0, '', 0, ''),
(81, '...', '', 5, 1, 1, '1435165942', 'yes', 'inbox', 'doc|5||', 0, '', 0, ''),
(82, '...', '', 1, 5, 1, '1435165942', 'yes', 'outbox', 'doc|5||', 0, '', 0, ''),
(83, '...', 'ку', 9, 1, 1, '1435171198', 'yes', 'inbox', '', 0, '', 0, ''),
(84, '...', 'ку', 1, 9, 1, '1435171198', 'yes', 'outbox', '', 0, '', 0, ''),
(85, '...', '', 9, 1, 1, '1435171280', 'yes', 'inbox', 'doc|10||', 0, '', 0, ''),
(86, '...', '', 1, 9, 1, '1435171280', 'yes', 'outbox', 'doc|10||', 0, '', 0, ''),
(87, '...', '', 1, 9, 9, '1435172129', 'yes', 'inbox', 'smile|2.png||', 0, '', 0, ''),
(88, '...', '', 9, 1, 9, '1435172129', 'yes', 'outbox', 'smile|2.png||', 0, '', 0, ''),
(89, '...', '', 9, 1, 1, '1435172206', 'yes', 'inbox', 'doc|10||', 0, '', 0, ''),
(90, '...', '', 1, 9, 1, '1435172206', 'yes', 'outbox', 'doc|10||', 0, '', 0, ''),
(91, '...', '', 1, 9, 9, '1435172308', 'yes', 'inbox', 'smile|3.png||smile|3.png||smile|3.png||', 0, '', 0, ''),
(92, '...', '', 9, 1, 9, '1435172308', 'yes', 'outbox', 'smile|3.png||smile|3.png||smile|3.png||', 0, '', 0, ''),
(93, '...', 'ауууфф )', 9, 1, 1, '1435172314', 'yes', 'inbox', '', 0, '', 0, ''),
(94, '...', 'ауууфф )', 1, 9, 1, '1435172314', 'yes', 'outbox', '', 0, '', 0, ''),
(95, '...', '', 9, 1, 1, '1435172326', 'yes', 'inbox', 'doc|7||', 0, '', 0, ''),
(96, '...', '', 1, 9, 1, '1435172326', 'yes', 'outbox', 'doc|7||', 0, '', 0, ''),
(97, '...', '', 9, 1, 1, '1435172508', 'yes', 'inbox', 'doc|8||', 0, '', 0, ''),
(98, '...', '', 1, 9, 1, '1435172508', 'yes', 'outbox', 'doc|8||', 0, '', 0, ''),
(99, '...', 'Нормально', 1, 10, 10, '1435175548', 'yes', 'inbox', '', 0, '', 0, ''),
(100, '...', 'Нормально', 10, 1, 10, '1435175548', 'yes', 'outbox', '', 0, '', 0, ''),
(101, '...', '', 1, 10, 10, '1435175571', 'yes', 'inbox', 'smile|71.png||', 0, '', 0, ''),
(102, '...', '', 10, 1, 10, '1435175571', 'yes', 'outbox', 'smile|71.png||', 0, '', 0, ''),
(103, '...', '', 10, 1, 1, '1435175682', 'yes', 'inbox', 'doc|10||', 0, '', 0, ''),
(104, '...', '', 1, 10, 1, '1435175682', 'yes', 'outbox', 'doc|10||', 0, '', 0, ''),
(105, '...', 'еще бы', 10, 1, 1, '1435175689', 'yes', 'inbox', '', 0, '', 0, ''),
(106, '...', 'еще бы', 1, 10, 1, '1435175689', 'yes', 'outbox', '', 0, '', 0, ''),
(107, 'Запись на стене', 'Сделаны гифки. Работают в сообществах и на страницах пользователей.', 4, 1, 1, '1435176134', 'yes', 'inbox', 'doc|6||doc|7||', 1, '1435167377', 1, ''),
(263, '...', 'Доделали смс:)', 9, 1, 1, '1435265092', 'no', 'inbox', '', 0, '', 0, ''),
(264, '...', 'Доделали смс:)', 1, 9, 1, '1435265092', 'no', 'outbox', '', 0, '', 0, ''),
(265, '...', 'ну как тебе  начало?:)', 5, 1, 1, '1435265136', 'yes', 'inbox', '', 0, '', 0, ''),
(109, '...', '', 1, 10, 10, '1435176841', 'yes', 'inbox', 'doc|12||', 0, '', 0, ''),
(110, '...', '', 10, 1, 10, '1435176841', 'yes', 'outbox', 'doc|12||', 0, '', 0, ''),
(111, '...', '', 10, 1, 1, '1435176870', 'yes', 'inbox', 'smile|3.png||smile|3.png||smile|3.png||', 0, '', 0, ''),
(112, '...', '', 1, 10, 1, '1435176870', 'yes', 'outbox', 'smile|3.png||smile|3.png||smile|3.png||', 0, '', 0, ''),
(113, '...', '', 1, 10, 10, '1435176966', 'yes', 'inbox', 'smile|84.png||', 0, '', 0, ''),
(114, '...', '', 10, 1, 10, '1435176966', 'yes', 'outbox', 'smile|84.png||', 0, '', 0, ''),
(115, '...', 'как тебе гфки?)', 10, 1, 1, '1435176976', 'yes', 'inbox', '', 0, '', 0, ''),
(116, '...', 'как тебе гфки?)', 1, 10, 1, '1435176976', 'yes', 'outbox', '', 0, '', 0, ''),
(117, '...', 'Норм', 1, 10, 10, '1435176984', 'yes', 'inbox', '', 0, '', 0, ''),
(118, '...', 'Норм', 10, 1, 10, '1435176984', 'yes', 'outbox', '', 0, '', 0, ''),
(119, '...', '', 10, 1, 1, '1435176994', 'yes', 'inbox', 'doc|8||', 0, '', 0, ''),
(120, '...', '', 1, 10, 1, '1435176994', 'yes', 'outbox', 'doc|8||', 0, '', 0, ''),
(121, '...', 'http://freend.ga/bugs', 10, 1, 1, '1435177004', 'yes', 'inbox', '', 0, '', 0, ''),
(122, '...', 'http://freend.ga/bugs', 1, 10, 1, '1435177004', 'yes', 'outbox', '', 0, '', 0, ''),
(123, '...', 'Я видел', 1, 10, 10, '1435177343', 'yes', 'inbox', '', 0, '', 0, ''),
(124, '...', 'Я видел', 10, 1, 10, '1435177343', 'yes', 'outbox', '', 0, '', 0, ''),
(125, '...', 'ну как', 10, 1, 1, '1435177404', 'yes', 'inbox', '', 0, '', 0, ''),
(126, '...', 'ну как', 1, 10, 1, '1435177404', 'yes', 'outbox', '', 0, '', 0, ''),
(127, '...', 'поставь аву', 9, 1, 1, '1435177504', 'yes', 'inbox', '', 0, '', 0, ''),
(128, '...', 'поставь аву', 1, 9, 1, '1435177504', 'yes', 'outbox', '', 0, '', 0, ''),
(129, '...', 'Норм', 1, 10, 10, '1435177841', 'yes', 'inbox', '', 0, '', 0, ''),
(130, '...', 'Норм', 10, 1, 10, '1435177841', 'yes', 'outbox', '', 0, '', 0, ''),
(131, 'Запись на стене', '', 1, 10, 10, '1435178068', 'yes', 'inbox', 'photo|b47088e0542d8b347ca8.jpg||', 2, '1435178045', 1, ''),
(132, 'Запись на стене', '', 10, 1, 10, '1435178068', 'yes', 'outbox', 'photo|b47088e0542d8b347ca8.jpg||', 2, '1435178045', 1, ''),
(133, '...', 'ЗАчеем?', 1, 9, 9, '1435179920', 'yes', 'inbox', '', 0, '', 0, ''),
(134, '...', 'ЗАчеем?', 9, 1, 9, '1435179920', 'yes', 'outbox', '', 0, '', 0, ''),
(135, '...', 'просто', 9, 1, 1, '1435180954', 'yes', 'inbox', '', 0, '', 0, ''),
(136, '...', 'просто', 1, 9, 1, '1435180954', 'yes', 'outbox', '', 0, '', 0, ''),
(137, '...', '=)', 10, 1, 1, '1435180962', 'yes', 'inbox', '', 0, '', 0, ''),
(138, '...', '=)', 1, 10, 1, '1435180962', 'yes', 'outbox', '', 0, '', 0, ''),
(139, '...', 'позже ок?', 1, 9, 9, '1435180964', 'yes', 'inbox', '', 0, '', 0, ''),
(140, '...', 'позже ок?', 9, 1, 9, '1435180964', 'yes', 'outbox', '', 0, '', 0, ''),
(141, '...', 'че так', 9, 1, 1, '1435180990', 'yes', 'inbox', '', 0, '', 0, ''),
(142, '...', 'че так', 1, 9, 1, '1435180990', 'yes', 'outbox', '', 0, '', 0, ''),
(143, '...', 'Бро мне нужен мод фотографии со страницы)) дай', 9, 1, 1, '1435181145', 'yes', 'inbox', '', 0, '', 0, ''),
(144, '...', 'Бро мне нужен мод фотографии со страницы)) дай', 1, 9, 1, '1435181145', 'yes', 'outbox', '', 0, '', 0, ''),
(145, '...', 'у меня его отдельного нет...', 1, 9, 9, '1435181294', 'yes', 'inbox', '', 0, '', 0, ''),
(146, '...', 'у меня его отдельного нет...', 9, 1, 9, '1435181294', 'yes', 'outbox', '', 0, '', 0, ''),
(147, '...', 'со сборки слопи срезал когда то', 1, 9, 9, '1435181357', 'yes', 'inbox', '', 0, '', 0, ''),
(148, '...', 'со сборки слопи срезал когда то', 9, 1, 9, '1435181357', 'yes', 'outbox', '', 0, '', 0, ''),
(149, '...', 'пздц', 9, 1, 1, '1435181510', 'yes', 'inbox', '', 0, '', 0, ''),
(150, '...', 'пздц', 1, 9, 1, '1435181510', 'yes', 'outbox', '', 0, '', 0, ''),
(151, '...', 'что?', 1, 9, 9, '1435181617', 'yes', 'inbox', '', 0, '', 0, ''),
(152, '...', 'что?', 9, 1, 9, '1435181617', 'yes', 'outbox', '', 0, '', 0, ''),
(153, '...', 'да ниче', 9, 1, 1, '1435182914', 'yes', 'inbox', '', 0, '', 0, ''),
(154, '...', 'да ниче', 1, 9, 1, '1435182914', 'yes', 'outbox', '', 0, '', 0, ''),
(155, '...', '?', 1, 9, 9, '1435182946', 'yes', 'inbox', '', 0, '', 0, ''),
(156, '...', '?', 9, 1, 9, '1435182946', 'yes', 'outbox', '', 0, '', 0, ''),
(157, '...', 'надо мод мне этот поставить:)', 9, 1, 1, '1435183043', 'yes', 'inbox', '', 0, '', 0, ''),
(158, '...', 'надо мод мне этот поставить:)', 1, 9, 1, '1435183043', 'yes', 'outbox', '', 0, '', 0, ''),
(159, '...', '', 9, 1, 1, '1435183046', 'yes', 'inbox', 'smile|7.png||smile|7.png||smile|7.png||', 0, '', 0, ''),
(160, '...', '', 1, 9, 1, '1435183046', 'yes', 'outbox', 'smile|7.png||smile|7.png||smile|7.png||', 0, '', 0, ''),
(161, '...', 'ты в теме?', 9, 1, 1, '1435183080', 'yes', 'inbox', '', 0, '', 0, ''),
(162, '...', 'ты в теме?', 1, 9, 1, '1435183080', 'yes', 'outbox', '', 0, '', 0, ''),
(163, '...', '?))))', 9, 1, 1, '1435183144', 'yes', 'inbox', '', 0, '', 0, ''),
(164, '...', '?))))', 1, 9, 1, '1435183144', 'yes', 'outbox', '', 0, '', 0, ''),
(165, '...', '', 9, 1, 1, '1435183156', 'yes', 'inbox', 'smile|1.png||smile|1.png||smile|1.png||smile|1.png||', 0, '', 0, ''),
(166, '...', '', 1, 9, 1, '1435183156', 'yes', 'outbox', 'smile|1.png||smile|1.png||smile|1.png||smile|1.png||', 0, '', 0, ''),
(167, '...', '', 9, 1, 1, '1435183172', 'yes', 'inbox', 'doc|11||', 0, '', 0, ''),
(168, '...', '', 1, 9, 1, '1435183172', 'yes', 'outbox', 'doc|11||', 0, '', 0, ''),
(169, '...', '', 1, 9, 9, '1435183716', 'yes', 'inbox', 'smile|3.png||smile|3.png||smile|3.png||', 0, '', 0, ''),
(170, '...', '', 9, 1, 9, '1435183716', 'yes', 'outbox', 'smile|3.png||smile|3.png||smile|3.png||', 0, '', 0, ''),
(171, '...', 'он же ж стоит)', 1, 9, 9, '1435183724', 'yes', 'inbox', '', 0, '', 0, ''),
(172, '...', 'он же ж стоит)', 9, 1, 9, '1435183724', 'yes', 'outbox', '', 0, '', 0, ''),
(173, '...', 'У меня', 1, 9, 9, '1435183728', 'yes', 'inbox', '', 0, '', 0, ''),
(174, '...', 'У меня', 9, 1, 9, '1435183728', 'yes', 'outbox', '', 0, '', 0, ''),
(175, '...', 'угу', 9, 1, 1, '1435183840', 'yes', 'inbox', '', 0, '', 0, ''),
(176, '...', 'угу', 1, 9, 1, '1435183840', 'yes', 'outbox', '', 0, '', 0, ''),
(177, '...', 'надо и себе поставить)))', 9, 1, 1, '1435183847', 'yes', 'inbox', '', 0, '', 0, ''),
(178, '...', 'надо и себе поставить)))', 1, 9, 1, '1435183847', 'yes', 'outbox', '', 0, '', 0, ''),
(179, '...', '', 1, 9, 9, '1435183863', 'yes', 'inbox', 'smile|1.png||smile|1.png||smile|1.png||', 0, '', 0, ''),
(180, '...', '', 9, 1, 9, '1435183863', 'yes', 'outbox', 'smile|1.png||smile|1.png||smile|1.png||', 0, '', 0, ''),
(181, '...', 'там не сложно', 1, 9, 9, '1435183873', 'yes', 'inbox', '', 0, '', 0, ''),
(182, '...', 'там не сложно', 9, 1, 9, '1435183873', 'yes', 'outbox', '', 0, '', 0, ''),
(183, '...', 'угу', 9, 1, 1, '1435183977', 'yes', 'inbox', '', 0, '', 0, ''),
(184, '...', 'угу', 1, 9, 1, '1435183977', 'yes', 'outbox', '', 0, '', 0, ''),
(185, '...', 'лан я спать', 1, 9, 9, '1435183989', 'yes', 'inbox', '', 0, '', 0, ''),
(186, '...', 'лан я спать', 9, 1, 9, '1435183989', 'yes', 'outbox', '', 0, '', 0, ''),
(187, '...', 'я тож щас пойду', 9, 1, 1, '1435184022', 'yes', 'inbox', '', 0, '', 0, ''),
(188, '...', 'я тож щас пойду', 1, 9, 1, '1435184022', 'yes', 'outbox', '', 0, '', 0, ''),
(189, '...', 'спок ночи))', 9, 1, 1, '1435184024', 'yes', 'inbox', '', 0, '', 0, ''),
(190, '...', 'спок ночи))', 1, 9, 1, '1435184024', 'yes', 'outbox', '', 0, '', 0, ''),
(191, '...', '', 9, 1, 1, '1435184027', 'yes', 'inbox', 'smile|2.png||smile|2.png||smile|2.png||', 0, '', 0, ''),
(192, '...', '', 1, 9, 1, '1435184027', 'yes', 'outbox', 'smile|2.png||smile|2.png||smile|2.png||', 0, '', 0, ''),
(193, '...', '', 5, 1, 1, '1435188772', 'yes', 'inbox', 'doc|10||', 0, '', 0, ''),
(194, '...', '', 1, 5, 1, '1435188772', 'yes', 'outbox', 'doc|10||', 0, '', 0, ''),
(195, '...', '', 1, 5, 5, '1435200006', 'yes', 'inbox', 'doc|13||', 0, '', 0, ''),
(196, '...', '', 5, 1, 5, '1435200006', 'yes', 'outbox', 'doc|13||', 0, '', 0, ''),
(197, '...', '', 1, 5, 5, '1435200017', 'yes', 'inbox', 'smile|17.png||', 0, '', 0, ''),
(198, '...', '', 5, 1, 5, '1435200017', 'yes', 'outbox', 'smile|17.png||', 0, '', 0, ''),
(199, '...', '', 5, 1, 1, '1435225359', 'yes', 'inbox', 'smile|3.png||', 0, '', 0, ''),
(200, '...', '', 1, 5, 1, '1435225359', 'yes', 'outbox', 'smile|3.png||', 0, '', 0, ''),
(201, '...', '', 5, 1, 1, '1435229734', 'yes', 'inbox', 'doc|19||', 0, '', 0, ''),
(202, '...', '', 1, 5, 1, '1435229734', 'yes', 'outbox', 'doc|19||', 0, '', 0, ''),
(203, '...', '', 1, 5, 5, '1435230073', 'yes', 'inbox', 'doc|20||', 0, '', 0, ''),
(204, '...', '', 5, 1, 5, '1435230073', 'yes', 'outbox', 'doc|20||', 0, '', 0, ''),
(205, '...', 'как те?)', 5, 1, 1, '1435231127', 'yes', 'inbox', '', 0, '', 0, ''),
(206, '...', 'как те?)', 1, 5, 1, '1435231127', 'yes', 'outbox', '', 0, '', 0, ''),
(207, '...', 'норм:)', 1, 5, 5, '1435233039', 'yes', 'inbox', '', 0, '', 0, ''),
(208, '...', 'норм:)', 5, 1, 5, '1435233039', 'yes', 'outbox', '', 0, '', 0, ''),
(209, '...', '', 5, 1, 1, '1435233319', 'yes', 'inbox', 'smile|5.png||', 0, '', 0, ''),
(210, '...', '', 1, 5, 1, '1435233319', 'yes', 'outbox', 'smile|5.png||', 0, '', 0, ''),
(211, '...', '', 5, 1, 1, '1435233323', 'yes', 'inbox', 'doc|18||', 0, '', 0, ''),
(212, '...', '', 1, 5, 1, '1435233323', 'yes', 'outbox', 'doc|18||', 0, '', 0, ''),
(213, '...', ':D', 1, 5, 5, '1435234792', 'yes', 'inbox', '', 0, '', 0, ''),
(214, '...', ':D', 5, 1, 5, '1435234792', 'yes', 'outbox', '', 0, '', 0, ''),
(215, '...', '', 5, 1, 1, '1435235811', 'yes', 'inbox', 'smile|7.png||', 0, '', 0, ''),
(216, '...', '', 1, 5, 1, '1435235811', 'yes', 'outbox', 'smile|7.png||', 0, '', 0, ''),
(217, '...', '', 1, 5, 5, '1435239569', 'yes', 'inbox', 'smile|2.png||', 0, '', 0, ''),
(218, '...', '', 5, 1, 5, '1435239569', 'yes', 'outbox', 'smile|2.png||', 0, '', 0, ''),
(219, '...', '', 5, 1, 1, '1435239660', 'yes', 'inbox', 'smile|4.png||', 0, '', 0, ''),
(220, '...', '', 1, 5, 1, '1435239660', 'yes', 'outbox', 'smile|4.png||', 0, '', 0, ''),
(221, '...', '', 1, 5, 5, '1435239727', 'yes', 'inbox', 'smile|62.png||', 0, '', 0, ''),
(222, '...', '', 5, 1, 5, '1435239727', 'yes', 'outbox', 'smile|62.png||', 0, '', 0, ''),
(223, '...', 'че мутишь', 5, 1, 1, '1435239736', 'yes', 'inbox', '', 0, '', 0, ''),
(224, '...', 'че мутишь', 1, 5, 1, '1435239736', 'yes', 'outbox', '', 0, '', 0, ''),
(225, '...', 'в небе зависаю', 1, 5, 5, '1435239752', 'yes', 'inbox', '', 0, '', 0, ''),
(226, '...', 'в небе зависаю', 5, 1, 5, '1435239752', 'yes', 'outbox', '', 0, '', 0, ''),
(227, '...', 'ты?', 1, 5, 5, '1435239753', 'yes', 'inbox', '', 0, '', 0, ''),
(228, '...', 'ты?', 5, 1, 5, '1435239753', 'yes', 'outbox', '', 0, '', 0, ''),
(229, '...', 'хуйней страдаюэ', 5, 1, 1, '1435240080', 'yes', 'inbox', '', 0, '', 0, ''),
(230, '...', 'хуйней страдаюэ', 1, 5, 1, '1435240080', 'yes', 'outbox', '', 0, '', 0, ''),
(231, '...', 'понятно:D', 1, 5, 5, '1435240243', 'yes', 'inbox', '', 0, '', 0, ''),
(232, '...', 'понятно:D', 5, 1, 5, '1435240243', 'yes', 'outbox', '', 0, '', 0, ''),
(233, '...', 'хы', 5, 1, 1, '1435240403', 'yes', 'inbox', '', 0, '', 0, ''),
(234, '...', 'хы', 1, 5, 1, '1435240403', 'yes', 'outbox', '', 0, '', 0, ''),
(235, '...', ':)', 1, 5, 5, '1435242763', 'yes', 'inbox', '', 0, '', 0, ''),
(236, '...', ':)', 5, 1, 5, '1435242763', 'yes', 'outbox', '', 0, '', 0, ''),
(237, '...', 'ку', 5, 1, 1, '1435242894', 'yes', 'inbox', 'smile|4.png||', 0, '', 0, ''),
(238, '...', 'ку', 1, 5, 1, '1435242894', 'yes', 'outbox', 'smile|4.png||', 0, '', 0, ''),
(239, '...', '', 5, 1, 1, '1435258649', 'yes', 'inbox', 'audio|10||', 0, '', 0, ''),
(240, '...', '', 1, 5, 1, '1435258649', 'yes', 'outbox', 'audio|10||', 0, '', 0, ''),
(241, '...', '^)', 9, 1, 1, '1435258671', 'no', 'inbox', '', 0, '', 0, ''),
(242, '...', '^)', 1, 9, 1, '1435258671', 'no', 'outbox', '', 0, '', 0, ''),
(243, '...', ':)', 9, 1, 1, '1435258673', 'no', 'inbox', '', 0, '', 0, ''),
(244, '...', ':)', 1, 9, 1, '1435258673', 'no', 'outbox', '', 0, '', 0, ''),
(245, '...', '', 9, 1, 1, '1435258676', 'no', 'inbox', 'smile|3.png||smile|3.png||smile|3.png||', 0, '', 0, ''),
(246, '...', '', 1, 9, 1, '1435258676', 'no', 'outbox', 'smile|3.png||smile|3.png||smile|3.png||', 0, '', 0, ''),
(247, '...', 'хм...', 9, 1, 1, '1435262062', 'no', 'inbox', '', 0, '', 0, ''),
(248, '...', 'хм...', 1, 9, 1, '1435262062', 'no', 'outbox', '', 0, '', 0, ''),
(249, '...', '', 9, 1, 1, '1435262072', 'no', 'inbox', 'photo_u|e0185aae6134afef1f8d.jpg|1||', 0, '', 0, ''),
(250, '...', '', 1, 9, 1, '1435262072', 'no', 'outbox', 'photo_u|e0185aae6134afef1f8d.jpg|1||', 0, '', 0, ''),
(251, '...', 'ку', 9, 1, 1, '1435262888', 'no', 'inbox', '', 0, '', 0, ''),
(252, '...', 'ку', 1, 9, 1, '1435262888', 'no', 'outbox', '', 0, '', 0, ''),
(253, '...', 'ыы', 9, 1, 1, '1435263054', 'no', 'inbox', '', 0, '', 0, ''),
(254, '...', 'ыы', 1, 9, 1, '1435263054', 'no', 'outbox', '', 0, '', 0, ''),
(255, '...', 'п', 9, 1, 1, '1435263115', 'no', 'inbox', '', 0, '', 0, ''),
(256, '...', 'п', 1, 9, 1, '1435263115', 'no', 'outbox', '', 0, '', 0, ''),
(257, '...', 'ыыыыы', 9, 1, 1, '1435263118', 'no', 'inbox', '', 0, '', 0, ''),
(258, '...', 'ыыыыы', 1, 9, 1, '1435263118', 'no', 'outbox', '', 0, '', 0, ''),
(259, '...', 'скоро доделаем смс', 9, 1, 1, '1435263225', 'no', 'inbox', '', 0, '', 0, ''),
(260, '...', 'скоро доделаем смс', 1, 9, 1, '1435263225', 'no', 'outbox', '', 0, '', 0, ''),
(261, '...', '', 9, 1, 1, '1435263228', 'no', 'inbox', 'audio|9||', 0, '', 0, ''),
(262, '...', '', 1, 9, 1, '1435263228', 'no', 'outbox', 'audio|9||', 0, '', 0, ''),
(283, '...', 'ааа, эм, хз, ну норм', 1, 5, 5, '1435321085', 'yes', 'inbox', '', 0, '', 0, ''),
(284, '...', 'ааа, эм, хз, ну норм', 5, 1, 5, '1435321085', 'yes', 'outbox', '', 0, '', 0, ''),
(285, '...', ':))', 5, 1, 1, '1435324312', 'yes', 'inbox', '', 0, '', 0, ''),
(286, '...', ':))', 1, 5, 1, '1435324312', 'yes', 'outbox', '', 0, '', 0, ''),
(287, '...', 'Диалоги новые, страница пользователей новая', 5, 1, 1, '1435324326', 'yes', 'inbox', '', 0, '', 0, ''),
(288, '...', 'Диалоги новые, страница пользователей новая', 1, 5, 1, '1435324326', 'yes', 'outbox', '', 0, '', 0, ''),
(289, '...', 'Где шаблон такой взял?', 1, 15, 15, '1435326046', 'yes', 'inbox', '', 0, '', 0, ''),
(290, '...', 'Где шаблон такой взял?', 15, 1, 15, '1435326046', 'yes', 'outbox', '', 0, '', 0, ''),
(291, '...', 'рип.', 15, 1, 1, '1435326055', 'yes', 'inbox', '', 0, '', 0, ''),
(292, '...', 'рип.', 1, 15, 1, '1435326055', 'yes', 'outbox', '', 0, '', 0, ''),
(293, '...', 'поможешь дорипать? Дам шаблон)', 15, 1, 1, '1435326071', 'yes', 'inbox', '', 0, '', 0, ''),
(294, '...', 'поможешь дорипать? Дам шаблон)', 1, 15, 1, '1435326071', 'yes', 'outbox', '', 0, '', 0, ''),
(295, '...', 'друзья, новости, ответы, сообщества, как у него в правой колонке надо сделать', 15, 1, 1, '1435326089', 'yes', 'inbox', '', 0, '', 0, ''),
(296, '...', 'друзья, новости, ответы, сообщества, как у него в правой колонке надо сделать', 1, 15, 1, '1435326089', 'yes', 'outbox', '', 0, '', 0, ''),
(297, '...', 'у меня траблы с этим возникли', 15, 1, 1, '1435326096', 'yes', 'inbox', '', 0, '', 0, ''),
(298, '...', 'у меня траблы с этим возникли', 1, 15, 1, '1435326096', 'yes', 'outbox', '', 0, '', 0, ''),
(299, '...', 'А кто рип делал?', 1, 15, 15, '1435326117', 'yes', 'inbox', '', 0, '', 0, ''),
(300, '...', 'А кто рип делал?', 15, 1, 15, '1435326117', 'yes', 'outbox', '', 0, '', 0, ''),
(301, '...', 'я.', 15, 1, 1, '1435326122', 'yes', 'inbox', '', 0, '', 0, ''),
(302, '...', 'я.', 1, 15, 1, '1435326122', 'yes', 'outbox', '', 0, '', 0, ''),
(303, '...', 'Лол.', 1, 15, 15, '1435326133', 'yes', 'inbox', '', 0, '', 0, ''),
(304, '...', 'Лол.', 15, 1, 15, '1435326133', 'yes', 'outbox', '', 0, '', 0, ''),
(305, '...', 'че?)', 15, 1, 1, '1435326147', 'yes', 'inbox', '', 0, '', 0, ''),
(306, '...', 'че?)', 1, 15, 1, '1435326147', 'yes', 'outbox', '', 0, '', 0, ''),
(307, '...', 'Ну хуй знает, можно и дорипать.', 1, 15, 15, '1435326148', 'yes', 'inbox', '', 0, '', 0, ''),
(308, '...', 'Ну хуй знает, можно и дорипать.', 15, 1, 15, '1435326148', 'yes', 'outbox', '', 0, '', 0, ''),
(309, '...', 'а ты умеешь?)', 15, 1, 1, '1435326157', 'yes', 'inbox', '', 0, '', 0, ''),
(310, '...', 'а ты умеешь?)', 1, 15, 1, '1435326157', 'yes', 'outbox', '', 0, '', 0, ''),
(311, '...', 'Нет, не умею. А на моем сайте шаблон сам сделался)', 1, 15, 15, '1435326184', 'yes', 'inbox', '', 0, '', 0, ''),
(312, '...', 'Нет, не умею. А на моем сайте шаблон сам сделался)', 15, 1, 15, '1435326184', 'yes', 'outbox', '', 0, '', 0, ''),
(313, '...', 'вот что надо доделать', 15, 1, 1, '1435326237', 'yes', 'inbox', 'photo_u|attach|fc58b87663d3d534c1d6.png||', 0, '', 0, ''),
(314, '...', 'вот что надо доделать', 1, 15, 1, '1435326237', 'yes', 'outbox', 'photo_u|attach|fc58b87663d3d534c1d6.png||', 0, '', 0, ''),
(315, '...', 'Модуль что ли?', 1, 15, 15, '1435326288', 'yes', 'inbox', '', 0, '', 0, ''),
(316, '...', 'Модуль что ли?', 15, 1, 15, '1435326288', 'yes', 'outbox', '', 0, '', 0, ''),
(317, '...', 'Это не модуль это стили', 15, 1, 1, '1435326299', 'yes', 'inbox', '', 0, '', 0, ''),
(318, '...', 'Это не модуль это стили', 1, 15, 1, '1435326299', 'yes', 'outbox', '', 0, '', 0, ''),
(319, '...', 'Конкретнее говори.', 1, 15, 15, '1435326351', 'yes', 'inbox', '', 0, '', 0, ''),
(320, '...', 'Конкретнее говори.', 15, 1, 15, '1435326351', 'yes', 'outbox', '', 0, '', 0, ''),
(321, '...', 'зайди к нему на сайт и увидишь', 15, 1, 1, '1435326369', 'yes', 'inbox', '', 0, '', 0, ''),
(322, '...', 'зайди к нему на сайт и увидишь', 1, 15, 1, '1435326369', 'yes', 'outbox', '', 0, '', 0, ''),
(323, '...', 'как у меня и как у него', 15, 1, 1, '1435326373', 'yes', 'inbox', '', 0, '', 0, ''),
(324, '...', 'как у меня и как у него', 1, 15, 1, '1435326373', 'yes', 'outbox', '', 0, '', 0, ''),
(325, '...', 'А, понял.', 1, 15, 15, '1435326660', 'yes', 'inbox', '', 0, '', 0, ''),
(326, '...', 'А, понял.', 15, 1, 15, '1435326660', 'yes', 'outbox', '', 0, '', 0, ''),
(327, '...', 'сможешь сделать7', 15, 1, 1, '1435326676', 'yes', 'inbox', '', 0, '', 0, ''),
(328, '...', 'сможешь сделать7', 1, 15, 1, '1435326676', 'yes', 'outbox', '', 0, '', 0, ''),
(329, '...', 'Конечно.', 1, 15, 15, '1435326685', 'yes', 'inbox', '', 0, '', 0, ''),
(330, '...', 'Конечно.', 15, 1, 15, '1435326685', 'yes', 'outbox', '', 0, '', 0, ''),
(331, '...', 'ну давай', 15, 1, 1, '1435326703', 'yes', 'inbox', '', 0, '', 0, ''),
(332, '...', 'ну давай', 1, 15, 1, '1435326703', 'yes', 'outbox', '', 0, '', 0, ''),
(333, '...', 'Давай шаблон.', 1, 15, 15, '1435326721', 'yes', 'inbox', '', 0, '', 0, ''),
(334, '...', 'Давай шаблон.', 15, 1, 15, '1435326721', 'yes', 'outbox', '', 0, '', 0, ''),
(335, '...', 'не не не )) сначала на своей сборке рипни.', 15, 1, 1, '1435326739', 'yes', 'inbox', '', 0, '', 0, ''),
(336, '...', 'не не не )) сначала на своей сборке рипни.', 1, 15, 1, '1435326739', 'yes', 'outbox', '', 0, '', 0, ''),
(337, '...', 'Лол, все с нуля делать ради одной страниы?', 1, 15, 15, '1435326773', 'yes', 'inbox', '', 0, '', 0, ''),
(338, '...', 'Лол, все с нуля делать ради одной страниы?', 15, 1, 15, '1435326773', 'yes', 'outbox', '', 0, '', 0, ''),
(339, '...', 'ц', 1, 15, 15, '1435326789', 'yes', 'inbox', '', 0, '', 0, ''),
(340, '...', 'ц', 15, 1, 15, '1435326789', 'yes', 'outbox', '', 0, '', 0, ''),
(341, '...', 'что с нуля делать?', 15, 1, 1, '1435326819', 'yes', 'inbox', '', 0, '', 0, ''),
(342, '...', 'что с нуля делать?', 1, 15, 1, '1435326819', 'yes', 'outbox', '', 0, '', 0, ''),
(343, '...', 'Шаблон.', 1, 15, 15, '1435326839', 'yes', 'inbox', '', 0, '', 0, ''),
(344, '...', 'Шаблон.', 15, 1, 15, '1435326839', 'yes', 'outbox', '', 0, '', 0, ''),
(345, '...', 'его ненадо с нуля делать достаточно одну страницу рипнуть.', 15, 1, 1, '1435326893', 'yes', 'inbox', '', 0, '', 0, ''),
(346, '...', 'его ненадо с нуля делать достаточно одну страницу рипнуть.', 1, 15, 1, '1435326893', 'yes', 'outbox', '', 0, '', 0, ''),
(347, '...', 'Нет, спасибо.', 1, 15, 15, '1435326948', 'yes', 'inbox', '', 0, '', 0, ''),
(348, '...', 'Нет, спасибо.', 15, 1, 15, '1435326948', 'yes', 'outbox', '', 0, '', 0, ''),
(349, '...', 'Сам сделаю значит.', 15, 1, 1, '1435326967', 'yes', 'inbox', '', 0, '', 0, ''),
(350, '...', 'Сам сделаю значит.', 1, 15, 1, '1435326967', 'yes', 'outbox', '', 0, '', 0, ''),
(351, '...', 'та я вижу..хахахахаха', 1, 5, 5, '1435328695', 'yes', 'inbox', '', 0, '', 0, ''),
(352, '...', 'та я вижу..хахахахаха', 5, 1, 5, '1435328695', 'yes', 'outbox', '', 0, '', 0, ''),
(353, '...', 'Что смешного?)', 5, 1, 1, '1435328708', 'yes', 'inbox', '', 0, '', 0, ''),
(354, '...', 'Что смешного?)', 1, 5, 1, '1435328708', 'yes', 'outbox', '', 0, '', 0, ''),
(355, '...', 'прост:D', 1, 5, 5, '1435330970', 'yes', 'inbox', '', 0, '', 0, ''),
(356, '...', 'прост:D', 5, 1, 5, '1435330970', 'yes', 'outbox', '', 0, '', 0, ''),
(357, '...', '^)', 5, 1, 1, '1435336374', 'no', 'inbox', '', 0, '', 0, ''),
(358, '...', '^)', 1, 5, 1, '1435336374', 'no', 'outbox', '', 0, '', 0, ''),
(359, '...', ':)', 5, 1, 1, '1435336376', 'no', 'inbox', '', 0, '', 0, ''),
(360, '...', ':)', 1, 5, 1, '1435336376', 'no', 'outbox', '', 0, '', 0, ''),
(361, '...', 'ну как', 17, 1, 1, '1435336507', 'yes', 'inbox', '', 0, '', 0, ''),
(362, '...', 'ну как', 1, 17, 1, '1435336507', 'yes', 'outbox', '', 0, '', 0, ''),
(363, '...', 'Всё сборку сам  делал?  норм', 1, 17, 17, '1435336517', 'yes', 'inbox', '', 0, '', 0, ''),
(364, '...', 'Всё сборку сам  делал?  норм', 17, 1, 17, '1435336517', 'yes', 'outbox', '', 0, '', 0, ''),
(365, '...', 'да', 17, 1, 1, '1435336523', 'yes', 'inbox', '', 0, '', 0, ''),
(366, '...', 'да', 1, 17, 1, '1435336523', 'yes', 'outbox', '', 0, '', 0, ''),
(367, '...', 'молодец , на славу постарался', 1, 17, 17, '1435336537', 'yes', 'inbox', '', 0, '', 0, ''),
(368, '...', 'молодец , на славу постарался', 17, 1, 17, '1435336537', 'yes', 'outbox', '', 0, '', 0, ''),
(369, '...', ':)', 17, 1, 1, '1435336542', 'yes', 'inbox', '', 0, '', 0, ''),
(370, '...', ':)', 1, 17, 1, '1435336542', 'yes', 'outbox', '', 0, '', 0, ''),
(371, '...', 'Я спать соярн', 1, 17, 17, '1435336547', 'yes', 'inbox', '', 0, '', 0, ''),
(372, '...', 'Я спать соярн', 17, 1, 17, '1435336547', 'yes', 'outbox', '', 0, '', 0, ''),
(373, '...', 'рано ж еще:)', 17, 1, 1, '1435336553', 'yes', 'inbox', '', 0, '', 0, ''),
(374, '...', 'рано ж еще:)', 1, 17, 1, '1435336553', 'yes', 'outbox', '', 0, '', 0, ''),
(375, '...', 'Мама знает что я бандит поэтому не разрешает сидеть до поздна', 1, 17, 17, '1435336575', 'yes', 'inbox', '', 0, '', 0, ''),
(376, '...', 'Мама знает что я бандит поэтому не разрешает сидеть до поздна', 17, 1, 17, '1435336575', 'yes', 'outbox', '', 0, '', 0, ''),
(377, '...', 'XD', 1, 17, 17, '1435336581', 'yes', 'inbox', '', 0, '', 0, ''),
(378, '...', 'XD', 17, 1, 17, '1435336581', 'yes', 'outbox', '', 0, '', 0, ''),
(379, '...', 'лол', 17, 1, 1, '1435336582', 'no', 'inbox', '', 0, '', 0, ''),
(380, '...', 'лол', 1, 17, 1, '1435336582', 'no', 'outbox', '', 0, '', 0, ''),
(381, '...', 'имя и фамилию норм ставь', 18, 1, 1, '1435339926', 'yes', 'inbox', '', 0, '', 0, ''),
(382, '...', 'имя и фамилию норм ставь', 1, 18, 1, '1435339926', 'yes', 'outbox', '', 0, '', 0, '');

-- --------------------------------------------------------

--
-- Структура таблицы `vii_news`
--

CREATE TABLE IF NOT EXISTS `vii_news` (
`ac_id` int(11) unsigned NOT NULL,
  `ac_user_id` int(11) unsigned NOT NULL,
  `action_type` tinyint(4) unsigned NOT NULL,
  `action_text` text NOT NULL,
  `obj_id` int(11) unsigned NOT NULL,
  `action_time` int(11) unsigned NOT NULL,
  `for_user_id` int(11) unsigned NOT NULL,
  `answer_text` text NOT NULL,
  `link` varchar(200) NOT NULL
) ENGINE=MyISAM AUTO_INCREMENT=185 DEFAULT CHARSET=utf8;

--
-- Дамп данных таблицы `vii_news`
--

INSERT INTO `vii_news` (`ac_id`, `ac_user_id`, `action_type`, `action_text`, `obj_id`, `action_time`, `for_user_id`, `answer_text`, `link`) VALUES
(17, 1, 11, 'Обновлён логотип.', 5, 1434796514, 0, '', ''),
(7, 1, 11, 'Теперь Вы можете восстановить свою страницу, если удалили её.', 4, 1434791603, 0, '', ''),
(3, 1, 11, 'Сделан раздел баги, туда Вы можете присылать найденные Вами баги. <br /><br />http://freend.ga/bugs', 2, 1434789008, 0, '', ''),
(142, 1, 4, '11', 0, 1435268057, 0, '', ''),
(9, 4, 4, '1', 0, 1434791708, 0, '', ''),
(10, 1, 4, '4', 0, 1434791708, 0, '', ''),
(16, 1, 3, '5|/uploads/users/1/albums/1/c_67902c605859886099c0.jpg||4|/uploads/users/1/albums/1/c_4eaaa997c8c5fe02a627.jpg||3|/uploads/users/1/albums/1/c_57d5fdd6ffd4bda12a98.jpg||2|/uploads/users/1/albums/1/c_518b0e5d43273cd4699b.jpg||1|/uploads/users/1/albums/1/c_ba50a549a488072d6b5a.jpg', 0, 1434794102, 0, '', ''),
(123, 5, 1, 'Ты ждешь и ждешь человека годами, а потом, наконец, сдаешься и соглашаешься на то, что предлагает тебе жизнь.', 72, 1435230117, 0, '', ''),
(20, 1, 7, '|u1|', 9, 1434802558, 5, '', ''),
(24, 1, 1, '#Nice', 14, 1434813680, 0, '', ''),
(28, 1, 11, 'Обновлена главная страница сайта.', 7, 1434819934, 0, '', ''),
(29, 1, 3, '8|/uploads/users/1/albums/1/c_e0185aae6134afef1f8d.jpg||7|/uploads/users/1/albums/1/c_2cd598cc65140c40b012.jpg||6|/uploads/users/1/albums/1/c_88ec5d23523871bbedae.png', 0, 1434826774, 0, '', ''),
(30, 1, 1, '', 19, 1434830924, 0, '', ''),
(34, 4, 7, '|u4|', 19, 1434831627, 1, '', ''),
(33, 4, 7, '|u4|', 14, 1434831625, 1, '', ''),
(50, 7, 1, '<div class="profile_update_photo"><a href="" onClick="Photo.Profile(''7'', ''3b15a267906dd9e.jpg''); return false"><img src="/uploads/users/7/o_3b15a267906dd9e.jpg" style="margin-top:3px"></a></div>', 32, 1435047685, 0, '', ''),
(116, 1, 7, '|u1|', 67, 1435184081, 10, '', ''),
(118, 1, 4, '8', 0, 1435226338, 0, '', ''),
(47, 1, 4, '5||7', 0, 1435047638, 0, '', ''),
(48, 5, 4, '1', 0, 1435046173, 0, '', ''),
(49, 7, 4, '1', 0, 1435047638, 0, '', ''),
(51, 1, 7, '|u1|', 32, 1435056002, 7, '', ''),
(52, 8, 1, '<div class="profile_update_photo"><a href="" onClick="Photo.Profile(''8'', ''e8d829057bc9d48.jpg''); return false"><img src="/uploads/users/8/o_e8d829057bc9d48.jpg" style="margin-top:3px"></a></div>', 33, 1435145792, 0, '', ''),
(115, 1, 7, '|u1|', 68, 1435184079, 10, '', ''),
(69, 1, 11, 'Сделаны гифки. Работают в сообществах и на страницах пользователей.', 11, 1435167377, 0, '', ''),
(73, 1, 1, 'Сделаны гифки. Работают в сообществах и на страницах пользователей.', 54, 1435167674, 0, '', ''),
(77, 9, 4, '1', 0, 1435171178, 0, '', ''),
(78, 1, 4, '9||10', 0, 1435175685, 0, '', ''),
(79, 1, 11, 'Теперь GIF доступны в ЛС и новостях.', 14, 1435173397, 0, '', ''),
(83, 10, 4, '1', 0, 1435175685, 0, '', ''),
(89, 10, 1, '<div class="profile_update_photo"><a href="" onClick="Photo.Profile(''10'', ''439210fdf2f7cb6.jpg''); return false"><img src="/uploads/users/10/o_439210fdf2f7cb6.jpg" style="margin-top:3px"></a></div>', 66, 1435176860, 0, '', ''),
(90, 1, 7, '|u1|', 66, 1435176874, 10, '', ''),
(91, 2, 11, 'Твою мышь!<br /><br />© Лего. Фильм', 15, 1435177311, 0, '', ''),
(92, 2, 11, 'Наконец-то хорошее настроение! А, нет, показалось. <br /><br />@ Третий лишний', 16, 1435177355, 0, '', ''),
(93, 2, 11, 'Как видишь, выбирать не так уж легко, когда ты лицом к лицу с теми, чьей кровью придется запачкать руки.<br /><br />© Пила 6', 17, 1435177377, 0, '', ''),
(94, 2, 11, '— Я всегда ненавидел звон колокола. Он всегда означает беду: смерть короля, осаду города...<br />— Свадьбу...<br />— Вот именно!<br /><br />© Игра престолов', 18, 1435177384, 0, '', ''),
(95, 2, 11, '— А какие у вас докУменты?<br />— Усы, лапы и хвост — вот мои документы! <br /><br />© Каникулы в Простоквашино', 19, 1435177392, 0, '', ''),
(96, 2, 11, 'Мы - исчезающий вид. Мы вымрем, потягивая виски и гоняя на крутых тачках. <br /><br />© Доктор Хаус', 20, 1435177400, 0, '', ''),
(97, 2, 11, 'Чтобы привлечь что-либо в свою жизнь, представь, будто оно уже там есть.<br /><br />©Алиса в стране чудес.', 21, 1435177408, 0, '', ''),
(98, 2, 11, '- Когда целый день бездельничаешь, приятно потом отдохнуть.<br /><br />© Король Лев 3: Акуна Матата', 22, 1435177422, 0, '', ''),
(99, 2, 11, '- Куда, мисс?<br />- К звездам!<br /><br />© Титаник', 23, 1435177428, 0, '', ''),
(100, 2, 11, '— Ты Золушка?<br />— Да, только никому не говори.<br /><br />© Питер FM', 24, 1435177436, 0, '', ''),
(101, 2, 11, 'Главное в жизни — это семья. Карьера — не ждет тебя дома, деньги — не вытрут слезы, а слава — не обнимет ночью. <br /><br />© Ченнинг Татум', 25, 1435177443, 0, '', ''),
(102, 2, 11, '— Кэп...была же решка..<br />— Сыроежка!<br /><br />© Меч 2', 26, 1435177591, 0, '', ''),
(103, 2, 11, 'Теперь вот такое предложение: а что, если…<br />- Не стоит.<br />- Ясно… Тогда, может быть, нужно…<br />- Не нужно.<br />- Понятно. Разрешите хотя бы…<br />- А вот это попробуйте.<br /><br />© «Бриллиантовая рука», 1968', 27, 1435177657, 0, '', ''),
(104, 2, 11, '— Боже мой, Алешенька, не прошло и 30 лет, как ты научился понимать французский!<br />— Ну, нужно быть очень крупным идиотом, чтобы не понять слово «такси». <br /><br />© Офицеры', 28, 1435177701, 0, '', ''),
(105, 2, 11, '— Ну что, Юра, видать, и акулы сытыми бывают.<br />— А Микоша — никогда.<br /><br />© Пираты XX века', 29, 1435177716, 0, '', ''),
(106, 2, 11, '- Но ваш болван, взгляните, он хохочет!<br />- Хохочет? В самом деле, вот болван!<br /><br />© Король-олень', 30, 1435177724, 0, '', ''),
(107, 2, 11, '— Ты за мной ходишь. Почему?<br />— Ты маленькая, вдруг обидят!<br /><br />© Вам и не снилось…', 31, 1435177743, 0, '', ''),
(108, 2, 11, '— Что ты здесь делаешь? — спросил Медвежонок.<br />— Жду, когда ты выздоровеешь, — ответил Ёжик.<br />— Долго?<br />— Всю зиму. Я, как узнал, что ты объелся снегом — сразу перетащил все свои припасы к тебе…<br />— И всю зиму ты сидел возле меня на табуретке?<br />— Да, я поил тебя еловым отваром и прикладывал к животу сушёную травку…<br />— Не помню, — сказал Медвежонок.<br />— Еще бы! — вздохнул Ёжик. — Ты всю зиму говорил, что ты — снежинка. Я так боялся, что ты растаешь к весне…<br /><br />© Зимняя сказка', 32, 1435177754, 0, '', ''),
(109, 2, 11, '- Не он??<br />- Не он...<br />- Не я!!<br /><br />© Зайца не видали?', 33, 1435177765, 0, '', ''),
(110, 2, 11, '— Куда ты меня привез?<br />— Колхоз «Светлый путь».<br />— Как «Светлый»? Не видно же ничего!<br /><br />© Возвращение блудного попугая', 34, 1435177775, 0, '', ''),
(111, 10, 1, '— Куда ты меня привез?<br />— Колхоз «Светлый путь».<br />— Как «Светлый»? Не видно же ничего!<br /><br />© Возвращение блудного попугая', 67, 1435177792, 0, '', ''),
(112, 2, 11, '', 35, 1435178045, 0, '', ''),
(113, 10, 1, '', 68, 1435178048, 0, '', ''),
(119, 8, 4, '1', 0, 1435226338, 0, '', ''),
(120, 1, 7, '|u1|', 33, 1435226595, 8, '', ''),
(121, 8, 7, '|u8|', 50, 1435227517, 1, '', ''),
(122, 5, 1, '<div class="profile_update_photo"><a href="" onClick="Photo.Profile(''5'', ''2e082a879a1d2c7.jpg''); return false"><img src="/uploads/users/5/o_2e082a879a1d2c7.jpg" style="margin-top:3px"></a></div>', 71, 1435230104, 0, '', ''),
(126, 5, 1, 'Слова одни, а действия другие.<br />Наверное, люди сейчас такие.', 75, 1435230362, 0, '', ''),
(127, 5, 1, 'В жизни, как и под дождем - однажды наступает момент, <br />когда уже просто всё равно.', 76, 1435230503, 0, '', ''),
(125, 5, 1, 'Жизнь коротка - нарушайте правила, прощайте быстро, целуйтесь медленно, любите искренне, смейтесь неудержимо и никогда не сожалейте о том, что было.', 74, 1435230134, 0, '', ''),
(183, 1, 7, '|u1|', 76, 1435338215, 5, '', ''),
(129, 1, 7, '|u1|', 75, 1435231167, 5, '', ''),
(130, 1, 7, '|u1|', 74, 1435231167, 5, '', ''),
(131, 1, 7, '|u1|', 72, 1435231168, 5, '', ''),
(132, 1, 7, '|u1|', 71, 1435231170, 5, '', ''),
(143, 11, 4, '1', 0, 1435268057, 0, '', ''),
(139, 1, 2, '2|/uploads/videos/1/7ee9bb05b9f0500.jpg||1|/uploads/videos/1/bb46ab985ea85b6.jpg', 0, 1435261274, 0, '', ''),
(140, 13, 1, '', 86, 1435262190, 0, '', ''),
(141, 13, 1, '#τεστ', 87, 1435262231, 0, '', ''),
(144, 11, 1, '<div class="profile_update_photo"><a href="" onClick="Photo.Profile(''11'', ''7eba0c38d6b190f.jpg''); return false"><img src="/uploads/users/11/o_7eba0c38d6b190f.jpg" style="margin-top:3px"></a></div>', 88, 1435269396, 0, '', ''),
(145, 1, 7, '|u1|', 88, 1435269732, 11, '', ''),
(147, 1, 7, '|u1|', 86, 1435273488, 13, '', ''),
(148, 14, 1, 'sdgs', 91, 1435279339, 0, '', ''),
(149, 14, 1, 'sdgsdg', 92, 1435279342, 0, '', ''),
(182, 4, 7, '|u4|', 54, 1435337662, 1, '', ''),
(172, 16, 4, '1', 0, 1435324307, 0, '', ''),
(173, 1, 4, '16', 0, 1435324307, 0, '', ''),
(174, 1, 2, '7|/uploads/videos/1/96703563e0654ab.jpg||6|/uploads/videos/1/96a71fecd222e15.jpg||5|/uploads/videos/1/50900e8c033fb59.jpg||4|/uploads/videos/1/2c45a664b64027b.jpg||3|/uploads/videos/1/76911b3f682bab4.jpg', 0, 1435325716, 0, '', ''),
(175, 15, 2, '8|/uploads/videos/15/b5625d491f55f4d.jpg', 0, 1435326552, 0, '', ''),
(176, 17, 4, '1', 0, 1435336499, 0, '', ''),
(177, 1, 4, '17||18', 0, 1435339929, 0, '', ''),
(178, 4, 1, 'ssss', 115, 1435337653, 0, '', ''),
(179, 4, 1, 'ssss', 116, 1435337655, 0, '', ''),
(180, 4, 1, 'ssss', 117, 1435337657, 0, '', ''),
(181, 4, 1, 'ssss', 118, 1435337659, 0, '', ''),
(184, 18, 4, '1', 0, 1435339929, 0, '', '');

-- --------------------------------------------------------

--
-- Структура таблицы `vii_notes`
--

CREATE TABLE IF NOT EXISTS `vii_notes` (
`id` int(11) unsigned NOT NULL,
  `owner_user_id` int(11) unsigned NOT NULL,
  `title` varchar(65) NOT NULL,
  `full_text` text NOT NULL,
  `date` datetime NOT NULL,
  `comm_num` mediumint(8) unsigned NOT NULL
) ENGINE=MyISAM DEFAULT CHARSET=utf8;

-- --------------------------------------------------------

--
-- Структура таблицы `vii_notes_comments`
--

CREATE TABLE IF NOT EXISTS `vii_notes_comments` (
`id` int(11) unsigned NOT NULL,
  `note_id` int(11) unsigned NOT NULL,
  `from_user_id` int(11) unsigned NOT NULL,
  `text` text NOT NULL,
  `add_date` datetime NOT NULL
) ENGINE=MyISAM DEFAULT CHARSET=utf8;

-- --------------------------------------------------------

--
-- Структура таблицы `vii_payments`
--

CREATE TABLE IF NOT EXISTS `vii_payments` (
`payment_id` int(11) NOT NULL,
  `payment_user` varchar(100) NOT NULL,
  `payment_datecreat` int(11) NOT NULL,
  `payment_datepay` int(11) NOT NULL,
  `payment_money` int(99) NOT NULL,
  `payment_cont` varchar(10) NOT NULL,
  `payment_system` text NOT NULL
) ENGINE=MyISAM AUTO_INCREMENT=73 DEFAULT CHARSET=utf8;

--
-- Дамп данных таблицы `vii_payments`
--

INSERT INTO `vii_payments` (`payment_id`, `payment_user`, `payment_datecreat`, `payment_datepay`, `payment_money`, `payment_cont`, `payment_system`) VALUES
(72, '1', 1434789778, 0, 22, 'оплачен', 'payeer');

-- --------------------------------------------------------

--
-- Структура таблицы `vii_photos`
--

CREATE TABLE IF NOT EXISTS `vii_photos` (
`id` int(11) unsigned NOT NULL,
  `album_id` int(11) unsigned NOT NULL,
  `photo_name` varchar(25) NOT NULL,
  `user_id` int(11) unsigned NOT NULL,
  `descr` text NOT NULL,
  `comm_num` mediumint(8) unsigned NOT NULL,
  `date` datetime NOT NULL,
  `position` int(11) unsigned NOT NULL,
  `rating_num` int(11) NOT NULL,
  `rating_all` int(11) NOT NULL,
  `rating_max` int(11) NOT NULL
) ENGINE=MyISAM AUTO_INCREMENT=9 DEFAULT CHARSET=utf8;

--
-- Дамп данных таблицы `vii_photos`
--

INSERT INTO `vii_photos` (`id`, `album_id`, `photo_name`, `user_id`, `descr`, `comm_num`, `date`, `position`, `rating_num`, `rating_all`, `rating_max`) VALUES
(1, 1, 'ba50a549a488072d6b5a.jpg', 1, '', 0, '2015-06-20 12:54:58', 2, 0, 0, 0),
(2, 1, '518b0e5d43273cd4699b.jpg', 1, '', 1, '2015-06-20 12:54:59', 3, 0, 0, 0),
(3, 1, '57d5fdd6ffd4bda12a98.jpg', 1, '', 0, '2015-06-20 12:54:59', 4, 0, 0, 0),
(4, 1, '4eaaa997c8c5fe02a627.jpg', 1, '', 0, '2015-06-20 12:54:59', 5, 0, 0, 0),
(5, 1, '67902c605859886099c0.jpg', 1, '', 0, '2015-06-20 12:55:02', 1, 0, 0, 0),
(6, 1, '88ec5d23523871bbedae.png', 1, '', 0, '2015-06-20 21:59:26', 6, 0, 0, 0),
(7, 1, '2cd598cc65140c40b012.jpg', 1, '', 0, '2015-06-20 21:59:31', 7, 0, 0, 0),
(8, 1, 'e0185aae6134afef1f8d.jpg', 1, '', 0, '2015-06-20 21:59:34', 8, 0, 0, 0);

-- --------------------------------------------------------

--
-- Структура таблицы `vii_photos_comments`
--

CREATE TABLE IF NOT EXISTS `vii_photos_comments` (
`id` int(11) unsigned NOT NULL,
  `owner_id` int(11) unsigned NOT NULL,
  `album_id` int(11) unsigned NOT NULL,
  `pid` int(11) unsigned NOT NULL,
  `user_id` mediumint(8) unsigned NOT NULL,
  `text` text NOT NULL,
  `date` datetime NOT NULL,
  `hash` varchar(32) NOT NULL,
  `photo_name` varchar(25) NOT NULL
) ENGINE=MyISAM AUTO_INCREMENT=6 DEFAULT CHARSET=utf8;

--
-- Дамп данных таблицы `vii_photos_comments`
--

INSERT INTO `vii_photos_comments` (`id`, `owner_id`, `album_id`, `pid`, `user_id`, `text`, `date`, `hash`, `photo_name`) VALUES
(1, 1, 1, 2, 1, 'отлично', '2015-06-20 12:55:10', 'b83a494409e0e33b755b9e7d3e6ec341', '518b0e5d43273cd4699b.jpg');

-- --------------------------------------------------------

--
-- Структура таблицы `vii_photos_mark`
--

CREATE TABLE IF NOT EXISTS `vii_photos_mark` (
  `muser_id` int(11) unsigned NOT NULL,
  `mphoto_id` int(11) unsigned NOT NULL,
  `mphoto_name` varchar(50) NOT NULL,
  `mdate` varchar(15) NOT NULL,
  `msettings_pos` varchar(90) NOT NULL,
  `mmark_user_id` int(11) unsigned NOT NULL,
  `mapprove` tinyint(1) unsigned NOT NULL
) ENGINE=MyISAM DEFAULT CHARSET=utf8;

-- --------------------------------------------------------

--
-- Структура таблицы `vii_photos_rating`
--

CREATE TABLE IF NOT EXISTS `vii_photos_rating` (
`id` int(11) NOT NULL,
  `photo_id` int(11) NOT NULL,
  `user_id` int(11) NOT NULL,
  `date` varchar(10) NOT NULL,
  `rating` tinyint(3) NOT NULL,
  `owner_user_id` int(11) NOT NULL
) ENGINE=MyISAM DEFAULT CHARSET=utf8;

-- --------------------------------------------------------

--
-- Структура таблицы `vii_report`
--

CREATE TABLE IF NOT EXISTS `vii_report` (
`id` int(11) unsigned NOT NULL,
  `act` varchar(10) NOT NULL,
  `type` smallint(5) unsigned NOT NULL,
  `text` text NOT NULL,
  `mid` int(11) unsigned NOT NULL,
  `date` varchar(10) NOT NULL,
  `ruser_id` int(11) unsigned NOT NULL
) ENGINE=MyISAM DEFAULT CHARSET=utf8;

-- --------------------------------------------------------

--
-- Структура таблицы `vii_restore`
--

CREATE TABLE IF NOT EXISTS `vii_restore` (
`id` int(11) NOT NULL,
  `email` varchar(50) NOT NULL,
  `hash` varchar(32) NOT NULL,
  `ip` varchar(15) NOT NULL
) ENGINE=MyISAM AUTO_INCREMENT=2 DEFAULT CHARSET=utf8;

--
-- Дамп данных таблицы `vii_restore`
--

INSERT INTO `vii_restore` (`id`, `email`, `hash`, `ip`) VALUES
(1, 'evoronkov1994@mail.ru', '18ecc87e6639f6575cfc90ca7cf9addb', '128.70.151.34');

-- --------------------------------------------------------

--
-- Структура таблицы `vii_reviews`
--

CREATE TABLE IF NOT EXISTS `vii_reviews` (
`id` int(11) NOT NULL,
  `user_id` int(11) NOT NULL,
  `text` text NOT NULL,
  `date` int(10) NOT NULL,
  `approve` tinyint(1) NOT NULL
) ENGINE=MyISAM AUTO_INCREMENT=3 DEFAULT CHARSET=utf8;

--
-- Дамп данных таблицы `vii_reviews`
--

INSERT INTO `vii_reviews` (`id`, `user_id`, `text`, `date`, `approve`) VALUES
(2, 1, 'Это отзыв :)', 1434788960, 0);

-- --------------------------------------------------------

--
-- Структура таблицы `vii_sms_log`
--

CREATE TABLE IF NOT EXISTS `vii_sms_log` (
  `user_id` int(11) NOT NULL,
  `from_u` varchar(20) NOT NULL,
  `msg` varchar(100) NOT NULL,
  `operator_id` int(11) NOT NULL,
  `country` int(11) NOT NULL,
  `short_number` varchar(50) NOT NULL,
  `abonent_cost` float NOT NULL,
  `date` varchar(10) NOT NULL
) ENGINE=MyISAM DEFAULT CHARSET=utf8;

-- --------------------------------------------------------

--
-- Структура таблицы `vii_static`
--

CREATE TABLE IF NOT EXISTS `vii_static` (
`id` int(11) NOT NULL,
  `alt_name` varchar(50) NOT NULL,
  `title` varchar(150) NOT NULL,
  `text` text NOT NULL
) ENGINE=MyISAM AUTO_INCREMENT=2 DEFAULT CHARSET=utf8;

--
-- Дамп данных таблицы `vii_static`
--

INSERT INTO `vii_static` (`id`, `alt_name`, `title`, `text`) VALUES
(1, 'about', 'Социальная сеть Друзья', 'Друзья — это социальная сеть для быстрой и удобной коммуникации между людьми по всему миру. Вы можете обмениваться сообщениями и делиться фотографиями, следить за новостями Ваших друзей и заводить новые знакомства, смотреть видеозаписи и слушать музыку, вступать в сообщества и играть в игры.<br />\n<br />\nЗадача Друзей — в каждый отдельно взятый момент оставаться наиболее современным, быстрым и эстетичным способом общения в сети.');

-- --------------------------------------------------------

--
-- Структура таблицы `vii_support`
--

CREATE TABLE IF NOT EXISTS `vii_support` (
`id` int(11) unsigned NOT NULL,
  `title` varchar(65) NOT NULL,
  `question` text NOT NULL,
  `suser_id` int(11) unsigned NOT NULL,
  `sfor_user_id` int(11) unsigned NOT NULL,
  `sdate` varchar(15) NOT NULL,
  `сdate` varchar(15) NOT NULL
) ENGINE=MyISAM AUTO_INCREMENT=2 DEFAULT CHARSET=utf8;

--
-- Дамп данных таблицы `vii_support`
--

INSERT INTO `vii_support` (`id`, `title`, `question`, `suser_id`, `sfor_user_id`, `sdate`, `сdate`) VALUES
(1, 'ыы', 'ыы', 1, 1, '1435269941', '1435269941');

-- --------------------------------------------------------

--
-- Структура таблицы `vii_support_answers`
--

CREATE TABLE IF NOT EXISTS `vii_support_answers` (
`id` int(11) unsigned NOT NULL,
  `qid` int(11) unsigned NOT NULL,
  `auser_id` int(11) unsigned NOT NULL,
  `adate` varchar(15) NOT NULL,
  `answer` text NOT NULL
) ENGINE=MyISAM DEFAULT CHARSET=utf8;

-- --------------------------------------------------------

--
-- Структура таблицы `vii_updates`
--

CREATE TABLE IF NOT EXISTS `vii_updates` (
`id` int(11) unsigned NOT NULL,
  `for_user_id` mediumint(8) unsigned NOT NULL,
  `from_user_id` mediumint(8) unsigned NOT NULL,
  `type` smallint(6) unsigned NOT NULL,
  `date` varchar(10) NOT NULL,
  `text` text NOT NULL,
  `lnk` varchar(100) NOT NULL,
  `user_search_pref` varchar(50) NOT NULL,
  `user_photo` varchar(25) NOT NULL
) ENGINE=MyISAM AUTO_INCREMENT=152 DEFAULT CHARSET=utf8;

--
-- Дамп данных таблицы `vii_updates`
--

INSERT INTO `vii_updates` (`id`, `for_user_id`, `from_user_id`, `type`, `date`, `text`, `lnk`, `user_search_pref`, `user_photo`) VALUES
(93, 12, 1, 7, '1435261353', '<img src="/uploads/gifts/502.png" width="50" align="right" />', '/gifts12?new=1', 'Евгений Воронков', '82d3f14bc23763d.jpg'),
(92, 12, 1, 11, '1435261343', 'хочет добавить Вас в друзья.', '/friends/requests', 'Евгений Воронков', '82d3f14bc23763d.jpg'),
(149, 18, 1, 11, '1435339918', 'хочет добавить Вас в друзья.', '/friends/requests', 'Евгений Воронков', '82d3f14bc23763d.jpg'),
(135, 5, 1, 8, '1435328708', 'Что смешного?)', '/messages#1', 'Евгений Воронков', '82d3f14bc23763d.jpg'),
(150, 18, 1, 8, '1435339926', 'имя и фамилию норм ставь', '/messages/show/381', 'Евгений Воронков', '82d3f14bc23763d.jpg');

-- --------------------------------------------------------

--
-- Структура таблицы `vii_users`
--

CREATE TABLE IF NOT EXISTS `vii_users` (
`user_id` mediumint(11) NOT NULL,
  `user_email` varchar(50) NOT NULL,
  `user_password` varchar(32) NOT NULL,
  `user_name` varchar(30) NOT NULL,
  `user_lastname` varchar(30) NOT NULL,
  `user_photo` varchar(255) NOT NULL,
  `user_wall_id` int(11) NOT NULL,
  `user_birthday` varchar(30) NOT NULL,
  `user_sex` varchar(3) NOT NULL,
  `user_day` varchar(3) NOT NULL,
  `user_month` varchar(3) NOT NULL,
  `user_year` varchar(4) NOT NULL,
  `user_country` varchar(6) NOT NULL,
  `user_city` varchar(6) NOT NULL,
  `user_reg_date` varchar(20) NOT NULL,
  `user_lastdate` varchar(20) NOT NULL,
  `user_group` varchar(1) NOT NULL,
  `user_hid` varchar(64) NOT NULL,
  `user_country_city_name` varchar(100) NOT NULL,
  `user_search_pref` varchar(60) NOT NULL,
  `user_xfields` text NOT NULL,
  `xfields` text NOT NULL,
  `user_xfields_all` text NOT NULL,
  `user_albums_num` smallint(6) NOT NULL,
  `user_friends_demands` int(11) NOT NULL,
  `user_friends_num` mediumint(8) NOT NULL,
  `user_last_visit` varchar(15) NOT NULL,
  `user_fave_num` mediumint(8) NOT NULL,
  `user_pm_num` mediumint(8) NOT NULL,
  `user_notes_num` mediumint(8) NOT NULL,
  `user_subscriptions_num` mediumint(8) NOT NULL,
  `user_videos_num` mediumint(8) NOT NULL,
  `user_wall_num` int(11) NOT NULL,
  `user_status` varchar(255) NOT NULL,
  `user_privacy` varchar(250) NOT NULL,
  `user_blacklist_num` mediumint(8) NOT NULL,
  `user_blacklist` text NOT NULL,
  `user_sp` varchar(10) NOT NULL,
  `user_support` smallint(6) NOT NULL,
  `user_balance` mediumint(8) NOT NULL,
  `user_lastupdate` varchar(10) NOT NULL,
  `user_gifts` mediumint(8) NOT NULL,
  `user_public_num` mediumint(8) NOT NULL,
  `user_audio` int(11) NOT NULL,
  `user_msg_type` tinyint(2) NOT NULL,
  `user_delet` tinyint(3) NOT NULL,
  `user_ban` tinyint(3) NOT NULL,
  `user_ban_date` varchar(10) NOT NULL,
  `user_new_mark_photos` mediumint(8) NOT NULL,
  `user_doc_num` mediumint(8) NOT NULL,
  `user_logged_mobile` tinyint(1) NOT NULL,
  `guests` mediumint(8) NOT NULL,
  `user_cover` varchar(25) NOT NULL,
  `user_cover_pos` varchar(4) NOT NULL,
  `balance_rub` double NOT NULL,
  `user_rating` mediumint(8) NOT NULL,
  `invties_pub_num` smallint(6) NOT NULL,
  `verification` tinyint(2) NOT NULL,
  `user_real` int(11) NOT NULL
) ENGINE=MyISAM AUTO_INCREMENT=19 DEFAULT CHARSET=utf8;

--
-- Дамп данных таблицы `vii_users`
--

INSERT INTO `vii_users` (`user_id`, `user_email`, `user_password`, `user_name`, `user_lastname`, `user_photo`, `user_wall_id`, `user_birthday`, `user_sex`, `user_day`, `user_month`, `user_year`, `user_country`, `user_city`, `user_reg_date`, `user_lastdate`, `user_group`, `user_hid`, `user_country_city_name`, `user_search_pref`, `user_xfields`, `xfields`, `user_xfields_all`, `user_albums_num`, `user_friends_demands`, `user_friends_num`, `user_last_visit`, `user_fave_num`, `user_pm_num`, `user_notes_num`, `user_subscriptions_num`, `user_videos_num`, `user_wall_num`, `user_status`, `user_privacy`, `user_blacklist_num`, `user_blacklist`, `user_sp`, `user_support`, `user_balance`, `user_lastupdate`, `user_gifts`, `user_public_num`, `user_audio`, `user_msg_type`, `user_delet`, `user_ban`, `user_ban_date`, `user_new_mark_photos`, `user_doc_num`, `user_logged_mobile`, `guests`, `user_cover`, `user_cover_pos`, `balance_rub`, `user_rating`, `invties_pub_num`, `verification`, `user_real`) VALUES
(1, 'evoronkov1994@mail.ru', '27dde295559a4ddae1c05d007f5a4ec9', 'Евгений', 'Воронков', '82d3f14bc23763d.jpg', 30, '1994-5-19', '1', '19', '5', '1994', '1', '1060', '1434787993', '1434787993', '1', '27dde295559a4ddae1c05d007f5a4ec9cf989d77cf628375029e8916e24fd968', 'Россия|Сочи', 'Евгений Воронков', '', '', 'activity|ыы||interests|ыы||myinfo|ыы||music|ыы||kino|ыы||books|ыы||games|ыы||quote|ыы||', 1, 0, 10, '1435340901', 0, 0, 0, 0, 6, 3, 'Работаем :)', 'val_msg|1||val_wall1|1||val_wall2|1||val_wall3|1||val_info|1||', 0, '', '7|0', 0, 4150, '1435266018', 2, 4, 9, 1, 0, 0, '', 0, 14, 0, 20, '', '', 0, 879, 0, 1, 0),
(4, 'sad@mail.ru', '27dde295559a4ddae1c05d007f5a4ec9', 'пры', 'ырывр', '', 0, '0-0-0', '0', '0', '0', '0', '0', '0', '1434791646', '1434791646', '2', '27dde295559a4ddae1c05d007f5a4ec9cf989d77cf628375029e8916e24fd968', '', 'пры ырывр', '', '', '', 0, 0, 1, '1435337613', 0, 0, 0, 0, 0, 4, '', 'val_msg|3||val_wall1|3||val_wall2|3||val_wall3|3||val_info|3||', 0, '', '', 0, 4, '1435273733', 11, 1, 1, 1, 0, 0, '', 0, 0, 0, 93, '', '', 0, 1, 1, 0, 0),
(5, 'chikov_nik@bk.ru', 'ea680b431519a6a8b99d5e9e12097be7', 'Сережа', 'Чиков', '2e082a879a1d2c7.jpg', 71, '1994-4-12', '1', '12', '4', '1994', '1', '609', '1434801362', '1434801362', '5', 'ea680b431519a6a8b99d5e9e12097be7264c22c0c75206bc95147de1a856c24f', 'Россия|Воронеж', 'Сережа Чиков', '', '', '', 0, 0, 1, '1435332313', 0, 2, 0, 0, 0, 5, 'Жизнь коротка - нарушайте правила, прощайте быстро, целуйтесь медленно, любите искренне, смейтесь неудержимо и никогда не сожалейте о том, что было.', 'val_msg|2||val_wall1|1||val_wall2|3||val_wall3|2||val_info|3||', 0, '', '', 0, 1, '1435288145', 5, 1, 0, 1, 0, 0, '', 0, 2, 0, 69, '', '', 0, 4, 0, 1, 0),
(6, 'jacobflow@mail.ru', '27dde295559a4ddae1c05d007f5a4ec9', 'пыпы', 'ыпып', '', 0, '0-0-0', '0', '0', '0', '0', '0', '0', '1434815819', '1434815819', '5', '27dde295559a4ddae1c05d007f5a4ec91fd8f53c7b49c2bfc09a9c0a312fdf7b', '', 'пыпы ыпып', '', '', '', 0, 1, 0, '1434815820', 0, 0, 0, 0, 0, 0, '', 'val_msg|1||val_wall1|1||val_wall2|1||val_wall3|1||val_info|1||', 0, '', '', 0, 1, '1434815820', 0, 0, 0, 0, 0, 0, '', 0, 0, 0, 2, '', '', 0, 0, 0, 0, 0),
(7, 'mitrya-78@mail.ru', '3f25f783cb88eb312bbc01bd9412d936', 'Демидов', 'Алексей', '3b15a267906dd9e.jpg', 32, '0-0-0', '0', '0', '0', '0', '0', '0', '1435046462', '1435046462', '5', '3f25f783cb88eb312bbc01bd9412d936eef935e7ae1a59f4154fe8f55d7515a5', '', 'Демидов Алексей', '', '', '', 0, 0, 1, '1435048468', 0, 0, 0, 0, 0, 2, '', 'val_msg|1||val_wall1|1||val_wall2|1||val_wall3|1||val_info|1||', 0, '', '', 0, 1, '1435046462', 0, 0, 0, 0, 0, 0, '', 0, 0, 0, 33, '', '', 0, 0, 2, 0, 0),
(8, '380663801859@yandex.ua', 'ff7b371d8886ff3f3409b33bb8d3f924', 'Просто', 'Человек', 'e8d829057bc9d48.jpg', 33, '0-0-0', '0', '0', '0', '0', '0', '0', '1435145431', '1435145431', '5', 'ff7b371d8886ff3f3409b33bb8d3f92496c7a149f36d54f402d3d53f5fc43c33', '', 'Просто Человек', '', '', '', 0, 0, 1, '1435250126', 0, 0, 0, 0, 0, 2, '', 'val_msg|1||val_wall1|1||val_wall2|1||val_wall3|1||val_info|1||', 0, '', '', 0, 2, '1435179640', 2, 0, 0, 0, 0, 0, '', 0, 0, 0, 32, '', '', 0, 0, 1, 0, 0),
(9, 'dll.cpp@mail.ru', '497ddf4dd5c9c71bfe8222641f20e01f', 'Сергей', 'AdVest', '', 0, '0-0-0', '0', '0', '0', '0', '0', '0', '1435171150', '1435171150', '5', '497ddf4dd5c9c71bfe8222641f20e01f311777ab4e12108d153c25af5c18b8f8', '', 'Сергей AdVest', '', '', '', 0, 0, 1, '1435216777', 0, 12, 0, 0, 0, 2, '', 'val_msg|1||val_wall1|1||val_wall2|1||val_wall3|1||val_info|1||', 0, '', '', 0, 2, '1435179628', 1, 1, 0, 1, 0, 0, '', 0, 0, 1, 23, '', '', 0, 0, 1, 0, 0),
(10, 'a.veselov2016@yandex.ru', '20d4b121f8b9a32d9e1e1ec544095675', 'Александр', 'Веселов', '439210fdf2f7cb6.jpg', 66, '0-0-0', '0', '0', '0', '0', '0', '0', '1435175392', '1435175392', '5', '20d4b121f8b9a32d9e1e1ec5440956753d6cd5d3b584148a00359690ebf899d0', '', 'Александр Веселов', '', '', '', 0, 0, 1, '1435248414', 0, 0, 0, 0, 0, 3, '', 'val_msg|1||val_wall1|1||val_wall2|1||val_wall3|1||val_info|1||', 0, '', '', 0, 2, '1435179617', 1, 2, 0, 1, 0, 0, '', 0, 1, 0, 17, '', '', 0, 0, 0, 1, 0),
(11, 'qawasaki2015@gmail.com', '3afbb009835c8187b219215de64e665e', 'Сергей', 'Бибяев', '7eba0c38d6b190f.jpg', 88, '0-0-0', '0', '0', '0', '0', '0', '0', '1435229454', '1435229454', '5', '3afbb009835c8187b219215de64e665e0c58451cc0a76173e4a17ded1aab3564', '', 'Сергей Бибяев', '', '', '', 0, 0, 1, '1435327102', 0, 0, 0, 0, 0, 1, '', 'val_msg|2||val_wall1|2||val_wall2|2||val_wall3|2||val_info|2||', 0, '', '', 0, 2, '1435267977', 0, 1, 0, 1, 0, 0, '', 0, 0, 0, 14, '', '', 0, 0, 0, 0, 0),
(12, 'nicesay.ru@gmail.com', 'f438c5f1e6bfde66074612f67054d0e2', 'Jacker', 'Scripts', '', 0, '0-0-0', '0', '0', '0', '0', '0', '0', '1435260529', '1435260529', '5', 'f438c5f1e6bfde66074612f67054d0e2d0605ff45e3f5009695f17968a37a80f', '', 'Jacker Scripts', '', '', '', 0, 1, 0, '1435261317', 0, 0, 0, 0, 0, 0, '', 'val_msg|1||val_wall1|1||val_wall2|1||val_wall3|1||val_info|1||', 0, '', '', 0, 1, '1435260530', 1, 0, 0, 0, 0, 0, '', 0, 1, 0, 3, '', '', 0, 0, 0, 0, 0),
(13, 'edik390@i.ua', 'c8264e38fec026b4e1fcbef5dab5e754', 'Edward', 'Nemirovskiy', '', 0, '0-0-0', '0', '0', '0', '0', '0', '0', '1435261436', '1435261436', '5', 'c8264e38fec026b4e1fcbef5dab5e75468c6e3fdd2d68520f8404f83bc37a8e9', '', 'Edward Nemirovskiy', '', '', '', 0, 1, 0, '1435263772', 0, 0, 0, 0, 0, 2, '', 'val_msg|1||val_wall1|1||val_wall2|1||val_wall3|1||val_info|1||', 0, '', '', 0, 1, '1435261436', 0, 0, 0, 0, 0, 0, '', 0, 1, 0, 2, '', '', 0, 0, 0, 0, 0),
(14, 'vel190398@yandex.ru', '58b15db0be0971162f33dedb666bbf12', 'Jion', 'Jionich', '', 0, '0-0-0', '0', '0', '0', '0', '0', '0', '1435279273', '1435279273', '5', '58b15db0be0971162f33dedb666bbf12c1abdfff85371a7c79dfae05d721ec1e', '', 'Jion Jionich', '', '', '', 0, 0, 0, '1435279393', 0, 0, 0, 0, 0, 2, '', 'val_msg|1||val_wall1|1||val_wall2|1||val_wall3|1||val_info|1||', 0, '', '', 0, 1, '1435279273', 0, 0, 0, 0, 0, 0, '', 0, 0, 0, 0, '', '', 0, 0, 0, 0, 0),
(16, 'khudiev2002@bk.ru', '897c8fde25c5cc5270cda61425eed3c8', 'Раиль', 'Худиев', '', 0, '1984-5-27', '1', '27', '5', '1984', '8', '0', '1435318291', '1435318291', '5', '897c8fde25c5cc5270cda61425eed3c89b9e0f67cd8f3f1203fda35fe4dfc80c', 'Азербайджан|', 'Раиль Худиев', '', '', '', 0, 0, 1, '1435330518', 0, 0, 0, 0, 0, 0, '', 'val_msg|2||val_wall1|3||val_wall2|3||val_wall3|3||val_info|1||', 0, '', '7|0', 0, 1, '1435318291', 0, 0, 0, 1, 0, 0, '', 0, 0, 0, 1, '', '', 0, 0, 0, 0, 0),
(15, 'gm-6@yandex.by', 'ed2e19985ad3a06c810efa1e53e70832', 'Максим', 'Урбан', '', 0, '0-0-0', '0', '0', '0', '0', '0', '0', '1435305037', '1435305037', '5', 'ed2e19985ad3a06c810efa1e53e7083288ac1dd5175b55784db292ba934d5ddb', '', 'Максим Урбан', '', '', '', 0, 0, 0, '1435333140', 0, 0, 0, 0, 1, 0, '', 'val_msg|1||val_wall1|1||val_wall2|1||val_wall3|1||val_info|1||', 0, '', '', 0, 1, '1435305037', 0, 0, 0, 1, 0, 0, '', 0, 0, 0, 3, '', '', 0, 0, 0, 0, 0),
(17, 'vasil.kamaev@yandex.ru', '14e1b600b1fd579f47433b88e8d85291', 'Василь', 'Камаев', '', 0, '0-0-0', '0', '0', '0', '0', '0', '0', '1435336470', '1435336470', '5', '14e1b600b1fd579f47433b88e8d85291200ce67c5c9586c553fa776972ee3454', '', 'Василь Камаев', '', '', '', 0, 0, 1, '1435336592', 0, 1, 0, 0, 0, 0, '', 'val_msg|1||val_wall1|1||val_wall2|1||val_wall3|1||val_info|1||', 0, '', '', 0, 1, '1435336470', 0, 0, 0, 1, 0, 0, '', 0, 0, 0, 2, '', '', 0, 0, 0, 0, 0),
(18, 'rodin.viteck-rodin@yandex.ru', '4126ffc1ffcf0d11d8d48f560cd382bf', 'ацуа', 'цуа', '', 0, '0-0-0', '0', '0', '0', '0', '0', '0', '1435339901', '1435339901', '5', '4126ffc1ffcf0d11d8d48f560cd382bf8da2e5cee5a70f1101bddd7045c85460', '', 'ацуа цуа', '', '', '', 0, 0, 1, '1435339901', 0, 0, 0, 0, 0, 0, '', 'val_msg|1||val_wall1|1||val_wall2|1||val_wall3|1||val_info|1||', 0, '', '', 0, 1, '1435339901', 0, 0, 0, 0, 0, 0, '', 0, 0, 0, 1, '', '', 0, 0, 0, 0, 0);

-- --------------------------------------------------------

--
-- Структура таблицы `vii_users_rating`
--

CREATE TABLE IF NOT EXISTS `vii_users_rating` (
`id` int(11) NOT NULL,
  `user_id` int(11) NOT NULL,
  `for_user_id` int(11) NOT NULL,
  `addnum` int(11) NOT NULL,
  `date` varchar(10) NOT NULL
) ENGINE=MyISAM AUTO_INCREMENT=7 DEFAULT CHARSET=utf8;

--
-- Дамп данных таблицы `vii_users_rating`
--

INSERT INTO `vii_users_rating` (`id`, `user_id`, `for_user_id`, `addnum`, `date`) VALUES
(1, 1, 1, 600, '1434794141'),
(2, 1, 1, 70, '1434794144'),
(3, 1, 1, 16, '1434821946'),
(4, 5, 5, 1, '1435057889'),
(5, 5, 5, 1, '1435145771'),
(6, 5, 5, 1, '1435217012');

-- --------------------------------------------------------

--
-- Структура таблицы `vii_users_stats`
--

CREATE TABLE IF NOT EXISTS `vii_users_stats` (
  `user_id` int(11) unsigned NOT NULL,
  `users` int(11) unsigned NOT NULL,
  `views` int(11) unsigned NOT NULL,
  `date` int(6) unsigned NOT NULL,
  `date_x` int(8) unsigned NOT NULL
) ENGINE=MyISAM DEFAULT CHARSET=utf8;

--
-- Дамп данных таблицы `vii_users_stats`
--

INSERT INTO `vii_users_stats` (`user_id`, `users`, `views`, `date`, `date_x`) VALUES
(1, 2, 5, 20150620, 201506),
(4, 1, 57, 20150620, 201506),
(5, 1, 9, 20150620, 201506),
(6, 1, 1, 20150620, 201506),
(4, 1, 6, 20150621, 201506),
(5, 1, 1, 20150622, 201506),
(4, 1, 1, 20150622, 201506),
(5, 2, 13, 20150623, 201506),
(1, 2, 8, 20150623, 201506),
(7, 1, 4, 20150623, 201506),
(4, 1, 1, 20150623, 201506),
(1, 3, 7, 20150624, 201506),
(4, 1, 1, 20150624, 201506),
(8, 3, 6, 20150624, 201506),
(5, 2, 2, 20150624, 201506),
(7, 1, 6, 20150624, 201506),
(9, 2, 8, 20150624, 201506),
(10, 1, 6, 20150624, 201506),
(1, 5, 15, 20150625, 201506),
(8, 3, 31, 20150625, 201506),
(10, 3, 13, 20150625, 201506),
(9, 2, 12, 20150625, 201506),
(5, 1, 16, 20150625, 201506),
(7, 1, 7, 20150625, 201506),
(11, 1, 1, 20150625, 201506),
(6, 1, 1, 20150625, 201506),
(4, 1, 9, 20150625, 201506),
(12, 1, 2, 20150625, 201506),
(11, 1, 13, 20150626, 201506),
(1, 7, 19, 20150626, 201506),
(4, 1, 18, 20150626, 201506),
(10, 1, 8, 20150626, 201506),
(5, 1, 59, 20150626, 201506),
(7, 1, 16, 20150626, 201506),
(8, 1, 13, 20150626, 201506),
(9, 1, 3, 20150626, 201506),
(13, 1, 2, 20150626, 201506),
(12, 1, 1, 20150626, 201506),
(16, 1, 1, 20150626, 201506),
(15, 1, 3, 20150626, 201506),
(17, 1, 2, 20150626, 201506),
(18, 1, 1, 20150626, 201506);

-- --------------------------------------------------------

--
-- Структура таблицы `vii_users_stats_log`
--

CREATE TABLE IF NOT EXISTS `vii_users_stats_log` (
  `user_id` int(11) unsigned NOT NULL,
  `for_user_id` int(11) unsigned NOT NULL,
  `date` int(8) unsigned NOT NULL
) ENGINE=MyISAM DEFAULT CHARSET=utf8;

--
-- Дамп данных таблицы `vii_users_stats_log`
--

INSERT INTO `vii_users_stats_log` (`user_id`, `for_user_id`, `date`) VALUES
(1, 4, 20150620),
(1, 4, 20150621),
(1, 4, 20150622),
(1, 4, 20150625),
(1, 4, 20150626),
(1, 5, 20150620),
(1, 5, 20150622),
(1, 5, 20150623),
(1, 5, 20150624),
(1, 5, 20150625),
(1, 5, 20150626),
(1, 6, 20150620),
(1, 7, 20150623),
(1, 7, 20150624),
(1, 7, 20150625),
(1, 7, 20150626),
(1, 8, 20150624),
(1, 8, 20150625),
(1, 8, 20150626),
(1, 9, 20150624),
(1, 9, 20150625),
(1, 9, 20150626),
(1, 10, 20150624),
(1, 10, 20150625),
(1, 10, 20150626),
(1, 11, 20150625),
(1, 11, 20150626),
(1, 12, 20150625),
(1, 13, 20150626),
(1, 15, 20150626),
(1, 16, 20150626),
(1, 17, 20150626),
(1, 18, 20150626),
(4, 1, 20150620),
(4, 1, 20150626),
(4, 12, 20150626),
(5, 1, 20150620),
(5, 1, 20150623),
(5, 1, 20150625),
(5, 1, 20150626),
(5, 4, 20150623),
(5, 6, 20150625),
(5, 8, 20150624),
(5, 8, 20150625),
(5, 10, 20150625),
(7, 1, 20150623),
(7, 5, 20150623),
(8, 1, 20150624),
(8, 1, 20150625),
(8, 4, 20150624),
(8, 5, 20150624),
(8, 10, 20150625),
(9, 1, 20150624),
(9, 1, 20150625),
(9, 8, 20150625),
(10, 1, 20150624),
(10, 8, 20150624),
(10, 9, 20150624),
(10, 9, 20150625),
(11, 1, 20150625),
(11, 1, 20150626),
(12, 1, 20150625),
(15, 1, 20150626),
(16, 1, 20150626),
(17, 1, 20150626),
(18, 1, 20150626);

-- --------------------------------------------------------

--
-- Структура таблицы `vii_videos`
--

CREATE TABLE IF NOT EXISTS `vii_videos` (
`id` int(11) unsigned NOT NULL,
  `owner_user_id` int(11) unsigned NOT NULL,
  `public_id` int(11) unsigned NOT NULL,
  `video` text NOT NULL,
  `photo` varchar(255) NOT NULL,
  `title` varchar(65) NOT NULL,
  `descr` text NOT NULL,
  `comm_num` mediumint(8) unsigned NOT NULL,
  `add_date` datetime NOT NULL,
  `privacy` tinyint(3) unsigned NOT NULL,
  `views` mediumint(8) unsigned NOT NULL,
  `system` int(11) NOT NULL,
  `stype` int(11) NOT NULL
) ENGINE=MyISAM AUTO_INCREMENT=9 DEFAULT CHARSET=utf8;

--
-- Дамп данных таблицы `vii_videos`
--

INSERT INTO `vii_videos` (`id`, `owner_user_id`, `public_id`, `video`, `photo`, `title`, `descr`, `comm_num`, `add_date`, `privacy`, `views`, `system`, `stype`) VALUES
(1, 1, 0, '<iframe width="770" height="420" src="http://www.youtube.com/embed/xfPWR7rIjJk" frameborder="0" allowfullscreen></iframe>', 'http://freend.ga/uploads/videos/1/bb46ab985ea85b6.jpg', 'Голос у девки отпад...))))', '', 0, '2015-06-25 22:35:59', 1, 0, 0, 0),
(7, 1, 0, '<iframe width="960" height="470" src="http://www.youtube.com/embed/UZgAUjrktis" frameborder="0" allowfullscreen></iframe>', 'http://freend.ga/uploads/videos/1/96703563e0654ab.jpg', 'ZippO   Куришь часто', '', 0, '2015-06-26 16:35:16', 1, 10, 0, 0),
(3, 1, 0, '<iframe width="870" height="450" src="http://www.youtube.com/embed/VgKJHrDTbdo" frameborder="0" allowfullscreen></iframe>', 'http://freend.ga/uploads/videos/1/76911b3f682bab4.jpg', 'Подборка Аварий и ДТП за Май 2015 | Выпуск #59', '', 0, '2015-06-26 16:32:46', 1, 1, 0, 0),
(4, 1, 0, '<iframe width="920" height="450" src="http://www.youtube.com/embed/i91Wp99B1k8" frameborder="0" allowfullscreen></iframe>', 'http://freend.ga/uploads/videos/1/2c45a664b64027b.jpg', 'Эту страну не победить! Russia', '', 0, '2015-06-26 16:33:12', 1, 1, 0, 0),
(5, 1, 0, '<iframe width="940" height="470" src="http://www.youtube.com/embed/a31bfQikB4Q" frameborder="0" allowfullscreen></iframe>', 'http://freend.ga/uploads/videos/1/50900e8c033fb59.jpg', 'Лохи на дороге или научи быдло ездить #7', '', 0, '2015-06-26 16:34:13', 1, 1, 0, 0),
(6, 1, 0, '<iframe width="960" height="470" src="http://www.youtube.com/embed/0VbPdUlodUg" frameborder="0" allowfullscreen></iframe>', 'http://freend.ga/uploads/videos/1/96a71fecd222e15.jpg', 'Лохи на дороге или научи быдло ездить #10', '', 0, '2015-06-26 16:34:41', 1, 1, 0, 0),
(8, 15, 0, '<iframe width="960" height="470" src="http://www.youtube.com/embed/yMKMnWfyoPQ" frameborder="0" allowfullscreen></iframe>', 'http://freend.ga/uploads/videos/15/b5625d491f55f4d.jpg', 'О КАПРИЗАХ МАСЛАЕВА!', '', 0, '2015-06-26 16:49:12', 1, 2, 0, 0);

-- --------------------------------------------------------

--
-- Структура таблицы `vii_videos_comments`
--

CREATE TABLE IF NOT EXISTS `vii_videos_comments` (
`id` int(11) unsigned NOT NULL,
  `author_user_id` int(11) unsigned NOT NULL,
  `video_id` int(11) unsigned NOT NULL,
  `text` text NOT NULL,
  `add_date` datetime NOT NULL
) ENGINE=MyISAM AUTO_INCREMENT=4 DEFAULT CHARSET=utf8;

-- --------------------------------------------------------

--
-- Структура таблицы `vii_votes`
--

CREATE TABLE IF NOT EXISTS `vii_votes` (
`id` int(11) NOT NULL,
  `title` varchar(80) NOT NULL,
  `answers` text NOT NULL,
  `answer_num` mediumint(8) NOT NULL
) ENGINE=MyISAM AUTO_INCREMENT=2 DEFAULT CHARSET=utf8;

--
-- Дамп данных таблицы `vii_votes`
--

INSERT INTO `vii_votes` (`id`, `title`, `answers`, `answer_num`) VALUES
(1, 'фы', 'фыв|фвфв', 0);

-- --------------------------------------------------------

--
-- Структура таблицы `vii_votes_result`
--

CREATE TABLE IF NOT EXISTS `vii_votes_result` (
`id` int(11) NOT NULL,
  `user_id` int(11) NOT NULL,
  `vote_id` int(11) NOT NULL,
  `answer` tinyint(3) NOT NULL
) ENGINE=MyISAM DEFAULT CHARSET=utf8;

-- --------------------------------------------------------

--
-- Структура таблицы `vii_wall`
--

CREATE TABLE IF NOT EXISTS `vii_wall` (
`id` int(11) unsigned NOT NULL,
  `author_user_id` int(11) unsigned NOT NULL,
  `for_user_id` int(11) unsigned NOT NULL,
  `text` text NOT NULL,
  `add_date` varchar(15) NOT NULL,
  `fast_comm_id` int(11) unsigned NOT NULL,
  `fasts_num` mediumint(8) unsigned NOT NULL,
  `likes_num` mediumint(8) unsigned NOT NULL,
  `likes_users` text NOT NULL,
  `tell_uid` int(11) unsigned NOT NULL,
  `tell_date` varchar(11) NOT NULL,
  `type` varchar(100) NOT NULL,
  `public` tinyint(1) unsigned NOT NULL,
  `attach` text NOT NULL,
  `tell_comm` text NOT NULL
) ENGINE=MyISAM AUTO_INCREMENT=119 DEFAULT CHARSET=utf8;

--
-- Дамп данных таблицы `vii_wall`
--

INSERT INTO `vii_wall` (`id`, `author_user_id`, `for_user_id`, `text`, `add_date`, `fast_comm_id`, `fasts_num`, `likes_num`, `likes_users`, `tell_uid`, `tell_date`, `type`, `public`, `attach`, `tell_comm`) VALUES
(33, 8, 8, '<div class="profile_update_photo"><a href="" onClick="Photo.Profile(''8'', ''e8d829057bc9d48.jpg''); return false"><img src="/uploads/users/8/o_e8d829057bc9d48.jpg" style="margin-top:3px"></a></div>', '1435145792', 0, 0, 1, '|u1|', 0, '', 'обновил фотографию на странице:', 0, '', ''),
(14, 1, 1, '#Nice', '1434813680', 0, 0, 2, '|u1||u4|', 0, '', '', 0, 'photo_u|67902c605859886099c0.jpg|1||', ''),
(19, 1, 1, '', '1434830924', 0, 0, 2, '|u4||u1|', 0, '', '', 0, 'audio|10||', ''),
(72, 5, 5, 'Ты ждешь и ждешь человека годами, а потом, наконец, сдаешься и соглашаешься на то, что предлагает тебе жизнь.', '1435230117', 0, 0, 1, '|u1|', 0, '', '', 0, '', ''),
(32, 7, 7, '<div class="profile_update_photo"><a href="" onClick="Photo.Profile(''7'', ''3b15a267906dd9e.jpg''); return false"><img src="/uploads/users/7/o_3b15a267906dd9e.jpg" style="margin-top:3px"></a></div>', '1435047685', 0, 0, 2, '|u1||u7|', 0, '', 'обновил фотографию на странице:', 0, '', ''),
(47, 1, 7, '', '1435166118', 0, 0, 1, '|u1|', 0, '', '', 0, 'doc|3||', ''),
(71, 5, 5, '<div class="profile_update_photo"><a href="" onClick="Photo.Profile(''5'', ''2e082a879a1d2c7.jpg''); return false"><img src="/uploads/users/5/o_2e082a879a1d2c7.jpg" style="margin-top:3px"></a></div>', '1435230104', 0, 0, 1, '|u1|', 0, '', 'обновил фотографию на странице:', 0, '', ''),
(50, 1, 8, '', '1435166961', 0, 0, 2, '|u8||u1|', 0, '', '', 0, 'doc|3||', ''),
(54, 1, 1, 'Сделаны гифки. Работают в сообществах и на страницах пользователей.', '1435167674', 0, 0, 2, '|u4||u1|', 1, '1435167377', '', 1, 'doc|6||doc|7||', ''),
(56, 1, 9, '', '1435172631', 0, 0, 1, '|u1|', 0, '', '', 0, 'doc|10||', ''),
(57, 1, 9, '', '1435173034', 0, 0, 1, '|u1|', 0, '', '', 0, 'doc|7||', ''),
(66, 10, 10, '<div class="profile_update_photo"><a href="" onClick="Photo.Profile(''10'', ''439210fdf2f7cb6.jpg''); return false"><img src="/uploads/users/10/o_439210fdf2f7cb6.jpg" style="margin-top:3px"></a></div>', '1435176860', 0, 0, 2, '|u10||u1|', 0, '', 'обновил фотографию на странице:', 0, '', ''),
(67, 10, 10, '— Куда ты меня привез?<br />— Колхоз «Светлый путь».<br />— Как «Светлый»? Не видно же ничего!<br /><br />© Возвращение блудного попугая', '1435177792', 0, 0, 2, '|u1||u10|', 2, '1435177775', '', 1, '', ''),
(68, 10, 10, '', '1435178048', 0, 0, 2, '|u1||u10|', 2, '1435178045', '', 1, 'photo|b47088e0542d8b347ca8.jpg||', ''),
(75, 5, 5, 'Слова одни, а действия другие.<br />Наверное, люди сейчас такие.', '1435230362', 0, 0, 1, '|u1|', 0, '', '', 0, '', ''),
(76, 5, 5, 'В жизни, как и под дождем - однажды наступает момент, <br />когда уже просто всё равно.', '1435230503', 0, 0, 1, '|u1|', 0, '', '', 0, '', ''),
(74, 5, 5, 'Жизнь коротка - нарушайте правила, прощайте быстро, целуйтесь медленно, любите искренне, смейтесь неудержимо и никогда не сожалейте о том, что было.', '1435230134', 0, 0, 1, '|u1|', 0, '', '', 0, '', ''),
(88, 11, 11, '<div class="profile_update_photo"><a href="" onClick="Photo.Profile(''11'', ''7eba0c38d6b190f.jpg''); return false"><img src="/uploads/users/11/o_7eba0c38d6b190f.jpg" style="margin-top:3px"></a></div>', '1435269396', 0, 0, 1, '|u1|', 0, '', 'обновил фотографию на странице:', 0, '', ''),
(86, 13, 13, '', '1435262190', 0, 0, 1, '|u1|', 0, '', '', 0, 'doc|22||', ''),
(87, 13, 13, '#τεστ', '1435262231', 0, 0, 0, '', 0, '', '', 0, '', ''),
(91, 14, 14, 'sdgs', '1435279339', 0, 0, 0, '', 0, '', '', 0, '', ''),
(92, 14, 14, 'sdgsdg', '1435279342', 0, 0, 0, '', 0, '', '', 0, '', ''),
(115, 4, 4, 'ssss', '1435337653', 0, 0, 0, '', 0, '', '', 0, '', ''),
(116, 4, 4, 'ssss', '1435337655', 0, 0, 0, '', 0, '', '', 0, '', ''),
(117, 4, 4, 'ssss', '1435337657', 0, 0, 0, '', 0, '', '', 0, '', ''),
(118, 4, 4, 'ssss', '1435337659', 0, 0, 0, '', 0, '', '', 0, '', '');

-- --------------------------------------------------------

--
-- Структура таблицы `vii_wall_like`
--

CREATE TABLE IF NOT EXISTS `vii_wall_like` (
  `rec_id` int(11) unsigned NOT NULL,
  `user_id` int(11) unsigned NOT NULL,
  `date` varchar(15) NOT NULL
) ENGINE=MyISAM DEFAULT CHARSET=utf8;

--
-- Дамп данных таблицы `vii_wall_like`
--

INSERT INTO `vii_wall_like` (`rec_id`, `user_id`, `date`) VALUES
(1, 1, '1434788069'),
(32, 1, '1435056002'),
(76, 1, '1435338215'),
(14, 1, '1435258153'),
(19, 1, '1434831002'),
(19, 4, '1434831627'),
(14, 4, '1434831625'),
(67, 1, '1435184081'),
(32, 7, '1435047699'),
(68, 1, '1435184079'),
(47, 1, '1435166120'),
(50, 1, '1435166962'),
(54, 1, '1435265451'),
(56, 1, '1435172634'),
(57, 1, '1435173036'),
(66, 1, '1435176874'),
(67, 10, '1435177892'),
(66, 10, '1435177893'),
(68, 10, '1435178059'),
(33, 1, '1435226595'),
(50, 8, '1435227517'),
(75, 1, '1435231167'),
(74, 1, '1435231167'),
(72, 1, '1435231168'),
(71, 1, '1435231170'),
(88, 1, '1435269732'),
(86, 1, '1435273488'),
(54, 4, '1435337662');

--
-- Индексы сохранённых таблиц
--

--
-- Индексы таблицы `vii_albums`
--
ALTER TABLE `vii_albums`
 ADD PRIMARY KEY (`aid`), ADD KEY `user_id` (`user_id`), ADD KEY `photo_num` (`photo_num`), ADD KEY `position` (`position`), ADD KEY `privacy` (`privacy`), ADD KEY `ahash` (`ahash`);

--
-- Индексы таблицы `vii_antispam`
--
ALTER TABLE `vii_antispam`
 ADD KEY `act` (`act`,`user_id`,`date`), ADD KEY `act_2` (`act`,`user_id`,`date`,`txt`);

--
-- Индексы таблицы `vii_apps`
--
ALTER TABLE `vii_apps`
 ADD PRIMARY KEY (`id`);

--
-- Индексы таблицы `vii_apps_users`
--
ALTER TABLE `vii_apps_users`
 ADD PRIMARY KEY (`id`);

--
-- Индексы таблицы `vii_attach`
--
ALTER TABLE `vii_attach`
 ADD PRIMARY KEY (`id`), ADD KEY `photo` (`photo`), ADD KEY `public_id` (`public_id`);

--
-- Индексы таблицы `vii_attach_comm`
--
ALTER TABLE `vii_attach_comm`
 ADD PRIMARY KEY (`id`), ADD KEY `forphoto` (`forphoto`);

--
-- Индексы таблицы `vii_audio`
--
ALTER TABLE `vii_audio`
 ADD PRIMARY KEY (`aid`), ADD KEY `auser_id` (`auser_id`), ADD KEY `adate` (`adate`), ADD FULLTEXT KEY `artist` (`artist`,`name`);

--
-- Индексы таблицы `vii_banned`
--
ALTER TABLE `vii_banned`
 ADD PRIMARY KEY (`id`);

--
-- Индексы таблицы `vii_blog`
--
ALTER TABLE `vii_blog`
 ADD PRIMARY KEY (`id`), ADD KEY `date` (`date`);

--
-- Индексы таблицы `vii_bugs`
--
ALTER TABLE `vii_bugs`
 ADD PRIMARY KEY (`id`), ADD KEY `date` (`date`);

--
-- Индексы таблицы `vii_city`
--
ALTER TABLE `vii_city`
 ADD PRIMARY KEY (`id`), ADD KEY `id_country` (`id_country`);

--
-- Индексы таблицы `vii_communities`
--
ALTER TABLE `vii_communities`
 ADD PRIMARY KEY (`id`), ADD KEY `del` (`del`), ADD KEY `ban` (`ban`), ADD KEY `traf` (`traf`), ADD KEY `photo` (`photo`), ADD FULLTEXT KEY `title` (`title`);

--
-- Индексы таблицы `vii_communities_audio`
--
ALTER TABLE `vii_communities_audio`
 ADD PRIMARY KEY (`aid`), ADD KEY `auser_id` (`public_id`), ADD KEY `adate` (`adate`);

--
-- Индексы таблицы `vii_communities_feedback`
--
ALTER TABLE `vii_communities_feedback`
 ADD KEY `cid` (`cid`), ADD KEY `fuser_id` (`fuser_id`), ADD KEY `fdate` (`fdate`);

--
-- Индексы таблицы `vii_communities_forum`
--
ALTER TABLE `vii_communities_forum`
 ADD PRIMARY KEY (`fid`), ADD KEY `public_id` (`public_id`), ADD KEY `fdate` (`fdate`), ADD KEY `lastdate` (`lastdate`), ADD KEY `fixed` (`fixed`);

--
-- Индексы таблицы `vii_communities_forum_msg`
--
ALTER TABLE `vii_communities_forum_msg`
 ADD PRIMARY KEY (`mid`), ADD KEY `fid` (`fid`), ADD KEY `muser_id` (`muser_id`), ADD KEY `mdate` (`mdate`);

--
-- Индексы таблицы `vii_communities_join`
--
ALTER TABLE `vii_communities_join`
 ADD PRIMARY KEY (`id`), ADD KEY `for_sel` (`for_user_id`,`public_id`), ADD KEY `for_sel_1` (`user_id`,`public_id`,`date`), ADD KEY `for_sel_2` (`for_user_id`,`public_id`,`user_id`);

--
-- Индексы таблицы `vii_communities_stats`
--
ALTER TABLE `vii_communities_stats`
 ADD KEY `sel` (`gid`,`date`), ADD KEY `date` (`date`), ADD KEY `cnt` (`cnt`), ADD KEY `hits` (`hits`), ADD KEY `new_users` (`new_users`), ADD KEY `exit_users` (`exit_users`), ADD KEY `sel_1` (`gid`,`date_x`);

--
-- Индексы таблицы `vii_communities_stats_log`
--
ALTER TABLE `vii_communities_stats_log`
 ADD KEY `gid` (`gid`,`user_id`,`date`,`act`);

--
-- Индексы таблицы `vii_communities_wall`
--
ALTER TABLE `vii_communities_wall`
 ADD PRIMARY KEY (`id`), ADD KEY `fast_comm_id` (`fast_comm_id`), ADD KEY `public_id` (`public_id`), ADD KEY `add_date` (`add_date`), ADD KEY `tell_date` (`tell_date`);

--
-- Индексы таблицы `vii_communities_wall_like`
--
ALTER TABLE `vii_communities_wall_like`
 ADD KEY `rec_id` (`rec_id`), ADD KEY `user_id` (`user_id`), ADD KEY `date` (`date`);

--
-- Индексы таблицы `vii_country`
--
ALTER TABLE `vii_country`
 ADD PRIMARY KEY (`id`);

--
-- Индексы таблицы `vii_doc`
--
ALTER TABLE `vii_doc`
 ADD PRIMARY KEY (`did`), ADD KEY `duser_id` (`duser_id`), ADD KEY `ddate` (`ddate`);

--
-- Индексы таблицы `vii_fave`
--
ALTER TABLE `vii_fave`
 ADD KEY `for_fast_select1` (`user_id`,`fave_id`,`date`);

--
-- Индексы таблицы `vii_friends`
--
ALTER TABLE `vii_friends`
 ADD KEY `for_fast_select1` (`user_id`,`friend_id`,`friends_date`), ADD KEY `subscriptions` (`subscriptions`), ADD KEY `views` (`views`), ADD KEY `friends_date` (`friends_date`);

--
-- Индексы таблицы `vii_friends_demands`
--
ALTER TABLE `vii_friends_demands`
 ADD KEY `for_fast_select1` (`for_user_id`,`from_user_id`,`demand_date`);

--
-- Индексы таблицы `vii_games`
--
ALTER TABLE `vii_games`
 ADD PRIMARY KEY (`id`), ADD FULLTEXT KEY `title` (`title`);

--
-- Индексы таблицы `vii_games_activity`
--
ALTER TABLE `vii_games_activity`
 ADD KEY `for_select` (`user_id`,`game_id`), ADD KEY `game_id` (`game_id`);

--
-- Индексы таблицы `vii_games_files`
--
ALTER TABLE `vii_games_files`
 ADD KEY `hash` (`hash`,`type`), ADD KEY `for_select_3` (`hash`,`user_id`), ADD KEY `game_id` (`game_id`), ADD KEY `for_select_4` (`game_id`,`type`), ADD KEY `user_id` (`user_id`,`type`,`game_id`), ADD KEY `for_select` (`hash`,`user_id`,`type`,`game_id`), ADD KEY `file` (`file`);

--
-- Индексы таблицы `vii_games_users`
--
ALTER TABLE `vii_games_users`
 ADD KEY `for_select` (`user_id`,`game_id`), ADD KEY `game_id` (`game_id`);

--
-- Индексы таблицы `vii_gifts`
--
ALTER TABLE `vii_gifts`
 ADD PRIMARY KEY (`gid`), ADD KEY `uid` (`uid`), ADD KEY `from_uid` (`from_uid`), ADD KEY `status` (`status`), ADD KEY `gdate` (`gdate`);

--
-- Индексы таблицы `vii_gifts_list`
--
ALTER TABLE `vii_gifts_list`
 ADD PRIMARY KEY (`gid`), ADD KEY `img` (`img`);

--
-- Индексы таблицы `vii_guests`
--
ALTER TABLE `vii_guests`
 ADD KEY `ouid` (`ouid`), ADD KEY `guid` (`guid`), ADD KEY `new` (`new`);

--
-- Индексы таблицы `vii_im`
--
ALTER TABLE `vii_im`
 ADD KEY `iuser_id` (`iuser_id`), ADD KEY `im_user_id` (`im_user_id`), ADD KEY `idate` (`idate`);

--
-- Индексы таблицы `vii_invites`
--
ALTER TABLE `vii_invites`
 ADD KEY `uid` (`uid`);

--
-- Индексы таблицы `vii_log`
--
ALTER TABLE `vii_log`
 ADD KEY `uid` (`uid`);

--
-- Индексы таблицы `vii_mail_tpl`
--
ALTER TABLE `vii_mail_tpl`
 ADD PRIMARY KEY (`id`);

--
-- Индексы таблицы `vii_messages`
--
ALTER TABLE `vii_messages`
 ADD PRIMARY KEY (`id`), ADD KEY `for_fast_select1` (`for_user_id`,`from_user_id`,`folder`,`history_user_id`), ADD KEY `date` (`date`), ADD KEY `for_user_id` (`for_user_id`), ADD KEY `from_user_id` (`from_user_id`), ADD KEY `history_user_id` (`history_user_id`), ADD KEY `folder` (`folder`);

--
-- Индексы таблицы `vii_news`
--
ALTER TABLE `vii_news`
 ADD PRIMARY KEY (`ac_id`), ADD KEY `for_fast_select1` (`ac_user_id`,`action_time`), ADD KEY `for_fast_select2` (`ac_user_id`,`action_type`,`action_time`), ADD KEY `for_user_id` (`for_user_id`), ADD KEY `obj_id` (`obj_id`), ADD KEY `action_time` (`action_time`);

--
-- Индексы таблицы `vii_notes`
--
ALTER TABLE `vii_notes`
 ADD PRIMARY KEY (`id`), ADD KEY `owner_user_id` (`owner_user_id`), ADD KEY `date` (`date`), ADD FULLTEXT KEY `title` (`title`,`full_text`);

--
-- Индексы таблицы `vii_notes_comments`
--
ALTER TABLE `vii_notes_comments`
 ADD PRIMARY KEY (`id`), ADD KEY `note_id` (`note_id`), ADD KEY `from_user_id` (`from_user_id`), ADD KEY `add_date` (`add_date`);

--
-- Индексы таблицы `vii_payments`
--
ALTER TABLE `vii_payments`
 ADD PRIMARY KEY (`payment_id`);

--
-- Индексы таблицы `vii_photos`
--
ALTER TABLE `vii_photos`
 ADD PRIMARY KEY (`id`), ADD KEY `album_id` (`album_id`), ADD KEY `user_id` (`user_id`), ADD KEY `position` (`position`), ADD KEY `date` (`date`), ADD KEY `photo_name` (`photo_name`);

--
-- Индексы таблицы `vii_photos_comments`
--
ALTER TABLE `vii_photos_comments`
 ADD PRIMARY KEY (`id`), ADD KEY `owner_id` (`owner_id`), ADD KEY `album_id` (`album_id`), ADD KEY `user_id` (`user_id`), ADD KEY `hash` (`hash`), ADD KEY `photo_name` (`photo_name`), ADD KEY `date` (`date`);

--
-- Индексы таблицы `vii_photos_mark`
--
ALTER TABLE `vii_photos_mark`
 ADD KEY `muser_id` (`muser_id`), ADD KEY `mphoto_id` (`mphoto_id`), ADD KEY `mdate` (`mdate`), ADD FULLTEXT KEY `mphoto_name` (`mphoto_name`);

--
-- Индексы таблицы `vii_photos_rating`
--
ALTER TABLE `vii_photos_rating`
 ADD PRIMARY KEY (`id`), ADD KEY `for_select_1` (`id`,`user_id`), ADD KEY `for_select_2` (`photo_id`,`user_id`);

--
-- Индексы таблицы `vii_report`
--
ALTER TABLE `vii_report`
 ADD PRIMARY KEY (`id`), ADD KEY `ruser_id` (`ruser_id`), ADD KEY `mid` (`mid`), ADD KEY `act` (`act`), ADD KEY `date` (`date`);

--
-- Индексы таблицы `vii_restore`
--
ALTER TABLE `vii_restore`
 ADD PRIMARY KEY (`id`), ADD KEY `email` (`email`), ADD KEY `hash` (`hash`), ADD KEY `ip` (`ip`);

--
-- Индексы таблицы `vii_reviews`
--
ALTER TABLE `vii_reviews`
 ADD PRIMARY KEY (`id`), ADD KEY `date` (`date`), ADD KEY `for_sel` (`user_id`,`approve`), ADD KEY `approve` (`approve`);

--
-- Индексы таблицы `vii_sms_log`
--
ALTER TABLE `vii_sms_log`
 ADD KEY `user_id` (`user_id`);

--
-- Индексы таблицы `vii_static`
--
ALTER TABLE `vii_static`
 ADD PRIMARY KEY (`id`), ADD KEY `alt_name` (`alt_name`);

--
-- Индексы таблицы `vii_support`
--
ALTER TABLE `vii_support`
 ADD PRIMARY KEY (`id`), ADD KEY `suser_id` (`suser_id`), ADD KEY `сdate` (`сdate`);

--
-- Индексы таблицы `vii_support_answers`
--
ALTER TABLE `vii_support_answers`
 ADD PRIMARY KEY (`id`), ADD KEY `qid` (`qid`), ADD KEY `auser_id` (`auser_id`), ADD KEY `adate` (`adate`);

--
-- Индексы таблицы `vii_updates`
--
ALTER TABLE `vii_updates`
 ADD PRIMARY KEY (`id`), ADD KEY `for_user_id` (`for_user_id`), ADD KEY `date` (`date`);

--
-- Индексы таблицы `vii_users`
--
ALTER TABLE `vii_users`
 ADD PRIMARY KEY (`user_id`), ADD KEY `user_logged_hash` (`user_hid`), ADD KEY `user_password` (`user_password`), ADD KEY `user_email` (`user_email`), ADD KEY `user_country` (`user_country`), ADD KEY `user_city` (`user_city`), ADD KEY `user_photo` (`user_photo`), ADD KEY `user_sex` (`user_sex`), ADD KEY `user_day` (`user_day`), ADD KEY `user_month` (`user_month`), ADD KEY `user_year` (`user_year`), ADD KEY `user_delet` (`user_delet`), ADD KEY `user_ban` (`user_ban`), ADD KEY `user_reg_date` (`user_reg_date`), ADD KEY `user_last_visit` (`user_last_visit`), ADD KEY `user_sp` (`user_sp`), ADD KEY `user_rating` (`user_rating`), ADD KEY `user_search_pref` (`user_search_pref`);

--
-- Индексы таблицы `vii_users_rating`
--
ALTER TABLE `vii_users_rating`
 ADD PRIMARY KEY (`id`), ADD KEY `for_select` (`user_id`);

--
-- Индексы таблицы `vii_users_stats`
--
ALTER TABLE `vii_users_stats`
 ADD KEY `date` (`date`), ADD KEY `user_id` (`user_id`), ADD KEY `date_x` (`date_x`), ADD KEY `views` (`views`), ADD KEY `users` (`users`);

--
-- Индексы таблицы `vii_users_stats_log`
--
ALTER TABLE `vii_users_stats_log`
 ADD KEY `user_id` (`user_id`,`for_user_id`,`date`);

--
-- Индексы таблицы `vii_videos`
--
ALTER TABLE `vii_videos`
 ADD PRIMARY KEY (`id`), ADD KEY `owner_user_id` (`owner_user_id`), ADD KEY `privacy` (`privacy`), ADD KEY `public_id` (`public_id`), ADD KEY `add_date` (`add_date`), ADD FULLTEXT KEY `title` (`title`);

--
-- Индексы таблицы `vii_videos_comments`
--
ALTER TABLE `vii_videos_comments`
 ADD PRIMARY KEY (`id`), ADD KEY `for_fast_select1` (`author_user_id`,`video_id`), ADD KEY `add_date` (`add_date`);

--
-- Индексы таблицы `vii_votes`
--
ALTER TABLE `vii_votes`
 ADD PRIMARY KEY (`id`);

--
-- Индексы таблицы `vii_votes_result`
--
ALTER TABLE `vii_votes_result`
 ADD PRIMARY KEY (`id`), ADD KEY `user_id` (`user_id`), ADD KEY `vote_id` (`vote_id`), ADD KEY `answer` (`answer`);

--
-- Индексы таблицы `vii_wall`
--
ALTER TABLE `vii_wall`
 ADD PRIMARY KEY (`id`), ADD KEY `for_fast_select1` (`for_user_id`,`author_user_id`), ADD KEY `fast_comm_id` (`fast_comm_id`), ADD KEY `tell_uid` (`tell_uid`,`tell_date`), ADD KEY `add_date` (`add_date`);

--
-- Индексы таблицы `vii_wall_like`
--
ALTER TABLE `vii_wall_like`
 ADD KEY `for_fast_select1` (`rec_id`,`user_id`), ADD KEY `date` (`date`);

--
-- AUTO_INCREMENT для сохранённых таблиц
--

--
-- AUTO_INCREMENT для таблицы `vii_albums`
--
ALTER TABLE `vii_albums`
MODIFY `aid` int(11) unsigned NOT NULL AUTO_INCREMENT,AUTO_INCREMENT=2;
--
-- AUTO_INCREMENT для таблицы `vii_apps`
--
ALTER TABLE `vii_apps`
MODIFY `id` int(11) NOT NULL AUTO_INCREMENT;
--
-- AUTO_INCREMENT для таблицы `vii_apps_users`
--
ALTER TABLE `vii_apps_users`
MODIFY `id` int(11) NOT NULL AUTO_INCREMENT;
--
-- AUTO_INCREMENT для таблицы `vii_attach`
--
ALTER TABLE `vii_attach`
MODIFY `id` int(11) NOT NULL AUTO_INCREMENT,AUTO_INCREMENT=23;
--
-- AUTO_INCREMENT для таблицы `vii_attach_comm`
--
ALTER TABLE `vii_attach_comm`
MODIFY `id` int(11) NOT NULL AUTO_INCREMENT,AUTO_INCREMENT=2;
--
-- AUTO_INCREMENT для таблицы `vii_audio`
--
ALTER TABLE `vii_audio`
MODIFY `aid` int(11) unsigned NOT NULL AUTO_INCREMENT,AUTO_INCREMENT=12;
--
-- AUTO_INCREMENT для таблицы `vii_banned`
--
ALTER TABLE `vii_banned`
MODIFY `id` int(11) NOT NULL AUTO_INCREMENT;
--
-- AUTO_INCREMENT для таблицы `vii_blog`
--
ALTER TABLE `vii_blog`
MODIFY `id` int(11) unsigned NOT NULL AUTO_INCREMENT,AUTO_INCREMENT=2;
--
-- AUTO_INCREMENT для таблицы `vii_bugs`
--
ALTER TABLE `vii_bugs`
MODIFY `id` int(11) unsigned NOT NULL AUTO_INCREMENT,AUTO_INCREMENT=12;
--
-- AUTO_INCREMENT для таблицы `vii_city`
--
ALTER TABLE `vii_city`
MODIFY `id` int(11) unsigned NOT NULL AUTO_INCREMENT,AUTO_INCREMENT=3349;
--
-- AUTO_INCREMENT для таблицы `vii_communities`
--
ALTER TABLE `vii_communities`
MODIFY `id` int(11) unsigned NOT NULL AUTO_INCREMENT,AUTO_INCREMENT=3;
--
-- AUTO_INCREMENT для таблицы `vii_communities_audio`
--
ALTER TABLE `vii_communities_audio`
MODIFY `aid` int(11) unsigned NOT NULL AUTO_INCREMENT;
--
-- AUTO_INCREMENT для таблицы `vii_communities_forum`
--
ALTER TABLE `vii_communities_forum`
MODIFY `fid` int(11) unsigned NOT NULL AUTO_INCREMENT,AUTO_INCREMENT=3;
--
-- AUTO_INCREMENT для таблицы `vii_communities_forum_msg`
--
ALTER TABLE `vii_communities_forum_msg`
MODIFY `mid` int(11) unsigned NOT NULL AUTO_INCREMENT,AUTO_INCREMENT=3;
--
-- AUTO_INCREMENT для таблицы `vii_communities_join`
--
ALTER TABLE `vii_communities_join`
MODIFY `id` int(11) NOT NULL AUTO_INCREMENT,AUTO_INCREMENT=8;
--
-- AUTO_INCREMENT для таблицы `vii_communities_wall`
--
ALTER TABLE `vii_communities_wall`
MODIFY `id` int(11) unsigned NOT NULL AUTO_INCREMENT,AUTO_INCREMENT=37;
--
-- AUTO_INCREMENT для таблицы `vii_country`
--
ALTER TABLE `vii_country`
MODIFY `id` int(5) unsigned NOT NULL AUTO_INCREMENT,AUTO_INCREMENT=16;
--
-- AUTO_INCREMENT для таблицы `vii_doc`
--
ALTER TABLE `vii_doc`
MODIFY `did` int(11) unsigned NOT NULL AUTO_INCREMENT,AUTO_INCREMENT=23;
--
-- AUTO_INCREMENT для таблицы `vii_games`
--
ALTER TABLE `vii_games`
MODIFY `id` int(11) NOT NULL AUTO_INCREMENT,AUTO_INCREMENT=2;
--
-- AUTO_INCREMENT для таблицы `vii_gifts`
--
ALTER TABLE `vii_gifts`
MODIFY `gid` int(11) unsigned NOT NULL AUTO_INCREMENT,AUTO_INCREMENT=24;
--
-- AUTO_INCREMENT для таблицы `vii_gifts_list`
--
ALTER TABLE `vii_gifts_list`
MODIFY `gid` int(11) NOT NULL AUTO_INCREMENT,AUTO_INCREMENT=83;
--
-- AUTO_INCREMENT для таблицы `vii_mail_tpl`
--
ALTER TABLE `vii_mail_tpl`
MODIFY `id` mediumint(8) NOT NULL AUTO_INCREMENT;
--
-- AUTO_INCREMENT для таблицы `vii_messages`
--
ALTER TABLE `vii_messages`
MODIFY `id` int(11) unsigned NOT NULL AUTO_INCREMENT,AUTO_INCREMENT=383;
--
-- AUTO_INCREMENT для таблицы `vii_news`
--
ALTER TABLE `vii_news`
MODIFY `ac_id` int(11) unsigned NOT NULL AUTO_INCREMENT,AUTO_INCREMENT=185;
--
-- AUTO_INCREMENT для таблицы `vii_notes`
--
ALTER TABLE `vii_notes`
MODIFY `id` int(11) unsigned NOT NULL AUTO_INCREMENT;
--
-- AUTO_INCREMENT для таблицы `vii_notes_comments`
--
ALTER TABLE `vii_notes_comments`
MODIFY `id` int(11) unsigned NOT NULL AUTO_INCREMENT;
--
-- AUTO_INCREMENT для таблицы `vii_payments`
--
ALTER TABLE `vii_payments`
MODIFY `payment_id` int(11) NOT NULL AUTO_INCREMENT,AUTO_INCREMENT=73;
--
-- AUTO_INCREMENT для таблицы `vii_photos`
--
ALTER TABLE `vii_photos`
MODIFY `id` int(11) unsigned NOT NULL AUTO_INCREMENT,AUTO_INCREMENT=9;
--
-- AUTO_INCREMENT для таблицы `vii_photos_comments`
--
ALTER TABLE `vii_photos_comments`
MODIFY `id` int(11) unsigned NOT NULL AUTO_INCREMENT,AUTO_INCREMENT=6;
--
-- AUTO_INCREMENT для таблицы `vii_photos_rating`
--
ALTER TABLE `vii_photos_rating`
MODIFY `id` int(11) NOT NULL AUTO_INCREMENT;
--
-- AUTO_INCREMENT для таблицы `vii_report`
--
ALTER TABLE `vii_report`
MODIFY `id` int(11) unsigned NOT NULL AUTO_INCREMENT;
--
-- AUTO_INCREMENT для таблицы `vii_restore`
--
ALTER TABLE `vii_restore`
MODIFY `id` int(11) NOT NULL AUTO_INCREMENT,AUTO_INCREMENT=2;
--
-- AUTO_INCREMENT для таблицы `vii_reviews`
--
ALTER TABLE `vii_reviews`
MODIFY `id` int(11) NOT NULL AUTO_INCREMENT,AUTO_INCREMENT=3;
--
-- AUTO_INCREMENT для таблицы `vii_static`
--
ALTER TABLE `vii_static`
MODIFY `id` int(11) NOT NULL AUTO_INCREMENT,AUTO_INCREMENT=2;
--
-- AUTO_INCREMENT для таблицы `vii_support`
--
ALTER TABLE `vii_support`
MODIFY `id` int(11) unsigned NOT NULL AUTO_INCREMENT,AUTO_INCREMENT=2;
--
-- AUTO_INCREMENT для таблицы `vii_support_answers`
--
ALTER TABLE `vii_support_answers`
MODIFY `id` int(11) unsigned NOT NULL AUTO_INCREMENT;
--
-- AUTO_INCREMENT для таблицы `vii_updates`
--
ALTER TABLE `vii_updates`
MODIFY `id` int(11) unsigned NOT NULL AUTO_INCREMENT,AUTO_INCREMENT=152;
--
-- AUTO_INCREMENT для таблицы `vii_users`
--
ALTER TABLE `vii_users`
MODIFY `user_id` mediumint(11) NOT NULL AUTO_INCREMENT,AUTO_INCREMENT=19;
--
-- AUTO_INCREMENT для таблицы `vii_users_rating`
--
ALTER TABLE `vii_users_rating`
MODIFY `id` int(11) NOT NULL AUTO_INCREMENT,AUTO_INCREMENT=7;
--
-- AUTO_INCREMENT для таблицы `vii_videos`
--
ALTER TABLE `vii_videos`
MODIFY `id` int(11) unsigned NOT NULL AUTO_INCREMENT,AUTO_INCREMENT=9;
--
-- AUTO_INCREMENT для таблицы `vii_videos_comments`
--
ALTER TABLE `vii_videos_comments`
MODIFY `id` int(11) unsigned NOT NULL AUTO_INCREMENT,AUTO_INCREMENT=4;
--
-- AUTO_INCREMENT для таблицы `vii_votes`
--
ALTER TABLE `vii_votes`
MODIFY `id` int(11) NOT NULL AUTO_INCREMENT,AUTO_INCREMENT=2;
--
-- AUTO_INCREMENT для таблицы `vii_votes_result`
--
ALTER TABLE `vii_votes_result`
MODIFY `id` int(11) NOT NULL AUTO_INCREMENT;
--
-- AUTO_INCREMENT для таблицы `vii_wall`
--
ALTER TABLE `vii_wall`
MODIFY `id` int(11) unsigned NOT NULL AUTO_INCREMENT,AUTO_INCREMENT=119;
/*!40101 SET CHARACTER_SET_CLIENT=@OLD_CHARACTER_SET_CLIENT */;
/*!40101 SET CHARACTER_SET_RESULTS=@OLD_CHARACTER_SET_RESULTS */;
/*!40101 SET COLLATION_CONNECTION=@OLD_COLLATION_CONNECTION */;
